Date,sentiment_compound,DASH,ETH,LTC,XRP,BTC_Price
1/1/15,0.9565,1.980439157,,2.693779403,0.024587563,316.7683924
1/2/15,0,1.904307587,,2.502789912,0.023352312,315.7851461
1/3/15,,1.858314594,,2.265920207,0.020701844,301.5124332
1/4/15,-0.1591,1.684497907,,2.119629244,0.020462413,276.7060533
1/5/15,-0.101466667,1.648726058,,2.067934831,0.02011855,271.1394945
1/6/15,0.314877083,1.627720316,,2.03991132,0.019579169,274.2564598
1/7/15,0.187035,1.7490153,,2.122881913,0.021100449,293.551047
1/8/15,0.262475,1.738981304,,2.041250232,0.021248838,290.3640032
1/9/15,0.240558333,1.767480922,,1.861078105,0.020753663,291.7708863
1/10/15,0.41855,1.715372318,,1.851115231,0.019379737,282.5034614
1/11/15,,1.651811866,,1.772074286,0.018646304,271.2584188
1/12/15,0.064,1.673252421,,1.820165921,0.017957867,275.0056161
1/13/15,0,1.427071794,,1.649325863,0.017448222,236.8108304
1/14/15,0.6369,1.195578572,,1.264567316,0.015680861,195.6683418
1/15/15,,1.29125834,,1.409381691,0.016326212,208.3487975
1/16/15,0,1.232606655,,1.424042053,0.016209789,210.3801287
1/17/15,,1.24336895,,1.283116957,0.014955112,200.4438038
1/18/15,0.6506,1.315854575,,1.3258698,0.015752896,209.7868698
1/19/15,0.858,1.398080675,,1.35518585,0.016234419,211.523376
1/20/15,0.7242,1.522885185,,1.340380721,0.016502519,213.2659436
1/21/15,,1.52236709,,1.341252026,0.015786063,216.6629555
1/22/15,0.21945,1.638682189,,1.455064579,0.016883812,234.5951324
1/23/15,0,1.60948134,,1.676317458,0.016032794,231.5873798
1/24/15,0.7184,1.716881177,,2.112841077,0.015964217,241.4065792
1/25/15,,1.716537559,,2.022120491,0.014388546,249.8879145
1/26/15,0.1002,1.922305547,,2.24397684,0.017286682,282.5544546
1/27/15,0.189466667,1.74318235,,2.021894764,0.015314063,252.0003744
1/28/15,0.068,1.79650716,,2.136380393,0.016416411,258.5668787
1/29/15,,1.604546021,,1.936952434,0.0144964,233.4363878
1/30/15,0.106,1.680487271,,1.9821691,0.014639345,230.9773517
1/31/15,0.125,1.791258058,,1.892521352,0.01469505,228.5388834
2/1/15,,1.803250173,,1.751420635,0.013214611,220.7955094
2/2/15,0.136925,1.778987111,,1.815461918,0.012752358,228.4959376
2/3/15,0.3182,1.898011215,,1.885230584,0.014215433,236.7660315
2/4/15,0.1531,1.800782546,,1.84527259,0.014892595,226.1937269
2/5/15,0,1.759463262,,1.804805843,0.015140517,219.364206
2/6/15,0.5093,1.778349026,,1.756862214,0.013988913,219.3651041
2/7/15,0,1.764559074,,1.791615178,0.014287274,224.2900145
2/8/15,,2.155306722,,1.781682824,0.014060334,223.3216962
2/9/15,0.167625,2.298853549,,1.751054679,0.013566382,219.3432782
2/10/15,0.17,3.09919599,,1.736223455,0.01346748,217.6034931
2/11/15,0.1027,3.037743369,,1.743844896,0.01386223,218.612676
2/12/15,0.6535,2.945574868,,1.753120457,0.013842346,221.9035889
2/13/15,0.193233333,2.794425183,,1.759742294,0.013820705,233.4578572
2/14/15,0.4019,2.720072688,,1.871922473,0.014031055,246.1588649
2/15/15,0.6369,2.901800524,,1.874853937,0.014182991,243.8196891
2/16/15,-0.23835,2.653877677,,1.811415374,0.013812102,237.1583365
2/17/15,0,2.629755527,,1.81343963,0.013660962,238.702818
2/18/15,0,2.729446519,,1.806215531,0.01373698,236.396152
2/19/15,0.4389,2.682618252,,1.814446746,0.013309264,239.9795189
2/20/15,0,2.752371465,,1.845071896,0.013231722,244.1727559
2/21/15,,2.646490779,,1.855644868,0.013595576,243.9105808
2/22/15,,2.524859817,,1.826286874,0.013580138,239.3397664
2/23/15,0.3102,2.627049318,,1.791537633,0.012960428,236.2885776
2/24/15,0.45075,2.756579858,,1.798951189,0.013083845,238.6256683
2/25/15,0.3182,2.667509803,,1.814515192,0.013069794,238.1522314
2/26/15,0.2196,2.796097383,,1.759128775,0.012203692,236.4598378
2/27/15,0.2202,3.073285654,,1.800551608,0.012586021,248.5391216
2/28/15,0.34,3.264361145,,1.810759066,0.011852088,251.4765018
3/1/15,,3.235116453,,1.825132713,0.011369152,251.6969641
3/2/15,-0.5106,3.477873184,,1.868528164,0.009724397,266.4218262
3/3/15,0.5932,3.51607174,,1.92273844,0.00994844,275.2750533
3/4/15,,3.485726654,,1.941234882,0.011718232,276.2431046
3/5/15,0.07955,3.387337764,,1.919475196,0.01061393,276.1886476
3/6/15,,3.399708671,,1.898395987,0.010469291,272.6377858
3/7/15,0,3.391373944,,1.910804241,0.009920106,272.4555366
3/8/15,,3.422700201,,1.888925908,0.010349922,276.9580498
3/9/15,,3.068254905,,1.958050403,0.009675796,282.2577738
3/10/15,0.6369,3.068654701,,1.958452608,0.009914735,285.3161146
3/11/15,0.3327,3.102489075,,2.031686255,0.010285026,293.6900738
3/12/15,0.10115,2.971079233,,2.040825865,0.010474081,293.4738368
3/13/15,0.21945,3.005905177,,2.041261273,0.011252122,288.2941937
3/14/15,,3.043472956,,2.001140144,0.01086117,282.9166428
3/15/15,0.31845,3.179858507,,2.00394519,0.010679856,285.8633824
3/16/15,0.3818,3.308241868,,2.08759952,0.010741309,290.305647
3/17/15,0.09545,3.496826862,,2.000636488,0.011311096,287.8141553
3/18/15,0.6296,3.407595455,,1.835879441,0.010435927,267.8626109
3/19/15,0.3818,3.530280272,,1.784063334,0.009929918,257.3184353
3/20/15,-0.3612,4.308275394,,1.80014528,0.00994528,261.168064
3/21/15,,4.420482233,,1.745507139,0.009940708,260.4324966
3/22/15,,4.817217614,,1.783464497,0.009832927,265.7547969
3/23/15,0.2187,5.241173291,,1.808324149,0.01007411,266.7931763
3/24/15,0,5.520004271,,1.757566429,0.009209951,254.418526
3/25/15,0.05135,4.91575902,,1.704178682,0.008534295,244.1160005
3/26/15,0.4019,4.887595733,,1.721845327,0.00881624,252.6867368
3/27/15,,4.764593249,,1.672493936,0.008646716,247.8279136
3/28/15,,4.825509297,,1.709879967,0.008500404,251.1939849
3/29/15,0.1366,4.359519583,,1.656016082,0.008151066,243.1702398
3/30/15,0.176733333,4.119313927,,1.655348111,0.007872942,245.492433
3/31/15,0.08615,3.844735377,,1.633675172,0.007733501,244.4216457
4/1/15,0,4.143478716,,1.628913199,0.00778625,244.1595979
4/2/15,0.1854,4.34590478,,1.660898345,0.008673627,250.0324934
4/3/15,-0.218933333,4.15967655,,1.68857523,0.008624151,254.0999124
4/4/15,,4.004872439,,1.663540741,0.008519373,252.2763827
4/5/15,,4.120827637,,1.661991568,0.008746637,255.8244327
4/6/15,,3.939373171,,1.700489877,0.009175625,257.4529907
4/7/15,0.02845,3.717654974,,1.675692375,0.009316437,254.2695654
4/8/15,0.3681,3.531242104,,1.600986549,0.008801821,246.6877992
4/9/15,0.209425,3.325130367,,1.57279374,0.008689482,243.2665627
4/10/15,0.5411,3.414697619,,1.506954272,0.007705104,237.811855
4/11/15,,3.332268223,,1.476276268,0.008175906,236.0931446
4/12/15,,3.304785699,,1.483567723,0.008309974,237.2922445
4/13/15,0.47435,3.203724125,,1.422146892,0.008043856,230.1532565
4/14/15,0.31845,3.038058767,,1.368925497,0.007597199,221.2991398
4/15/15,0.3612,2.94247056,,1.355102365,0.007274972,219.4561729
4/16/15,0.2873,2.913060196,,1.421855512,0.007878215,226.9724846
4/17/15,0.4404,2.923223381,,1.425149596,0.007900403,225.5968739
4/18/15,,2.838642696,,1.387162705,0.007798739,223.0760468
4/19/15,0.4404,2.724801012,,1.413469894,0.007979803,225.1637421
4/20/15,-0.11315,2.75247435,,1.394485662,0.007854661,224.8042776
4/21/15,,3.088810852,,1.406785457,0.007832245,228.6786725
4/22/15,0.430266667,3.486762748,,1.45346276,0.007941687,235.2395362
4/23/15,0.1909,3.354029928,,1.44083756,0.007893955,234.0336553
4/24/15,0.1048,3.248690893,,1.432811429,0.008069976,232.5641469
4/25/15,,3.135731626,,1.410691765,0.007979943,228.3245417
4/26/15,0,2.976571699,,1.330758469,0.0075697,219.2844639
4/27/15,,2.944214599,,1.350112183,0.007228427,224.2763425
4/28/15,0.151991667,2.922636892,,1.363643228,0.007989793,225.7003636
4/29/15,-0.066983333,2.906588699,,1.370678279,0.007915542,225.4497765
4/30/15,0.296,2.769283626,,1.387703571,0.007988912,232.303353
5/1/15,0.6369,2.715416819,,1.402736356,0.008042379,234.4717053
5/2/15,,2.69143888,,1.408977444,0.007922875,233.644219
5/3/15,,2.842726742,,1.414059164,0.008030329,238.8556966
5/4/15,,2.894594298,,1.415650112,0.00792462,239.26993
5/5/15,0.4389,2.904454215,,1.381973212,0.007762576,234.6607053
5/6/15,0.2553,2.769168777,,1.398146417,0.00741205,232.4255198
5/7/15,0.1909,2.691005228,,1.411025201,0.007151859,233.035485
5/8/15,0.1591,2.698522759,,1.445649201,0.007286788,240.1709849
5/9/15,,2.669074244,,1.43997249,0.007367234,241.8658442
5/10/15,,2.698136682,,1.43789774,0.007320266,240.2450305
5/11/15,0,2.714757083,,1.42183547,0.007142799,241.8827991
5/12/15,0.3455,2.747735231,,1.456234358,0.006927131,241.2793632
5/13/15,0.5913,2.799274176,,1.473451461,0.006719503,241.3614744
5/14/15,0.1773,2.887045572,,1.436040311,0.006629231,237.012197
5/15/15,,3.012510769,,1.46383923,0.006615997,237.9854901
5/16/15,,2.95221822,,1.459747216,0.006405679,237.335274
5/17/15,0.6249,2.881437351,,1.447035532,0.005730342,236.4978152
5/18/15,0,2.879338267,,1.451285247,0.006332428,235.1439989
5/19/15,0.2775,2.841858485,,1.429284275,0.006396331,232.7631214
5/20/15,0.31095,2.855628942,,1.453813189,0.006370701,233.4445344
5/21/15,0.1667,2.8539637,,1.686883572,0.006444048,235.0127019
5/22/15,0.6114,2.870344547,,1.79055308,0.006711137,236.2244626
5/23/15,,2.914696349,,1.799382309,0.006827482,239.1412293
5/24/15,0,2.887330654,,1.814329426,0.00696611,239.3852354
5/25/15,,2.745431264,,1.79854789,0.006802364,237.2641787
5/26/15,0,2.638302709,,1.835229067,0.006989088,236.437349
5/27/15,0.279886667,2.688391854,,1.827940113,0.007537625,236.2891707
5/28/15,0.46435625,2.793798064,,1.813382751,0.008840871,236.2605941
5/29/15,0.4784,2.753778533,,1.828566859,0.008282012,235.9547668
5/30/15,,2.787240689,,1.697832386,0.008241475,233.0733837
5/31/15,,2.903189665,,1.665685987,0.007729676,231.7743804
6/1/15,,2.773375492,,1.646709503,0.007746051,226.0960458
6/2/15,,2.815624104,,1.674034877,0.00805915,224.801943
6/3/15,0.343133333,2.7941011,,1.668580193,0.00768694,225.5557439
6/4/15,,2.770615413,,1.706312569,0.007862528,224.9650378
6/5/15,0,2.816033602,,1.736622177,0.007785245,223.8425745
6/6/15,0,2.827150229,,1.73597807,0.007909731,224.6444362
6/7/15,-0.34245,2.812264601,,1.746898851,0.007809205,224.209171
6/8/15,0,2.759061382,,1.785386447,0.007926159,226.3323395
6/9/15,0.6369,2.709148264,,1.775253295,0.007992925,228.8924597
6/10/15,0,2.709788147,,1.766050476,0.007992956,228.4354528
6/11/15,0.50355,2.822352086,,1.769727514,0.007868271,229.5294977
6/12/15,0,2.778084101,,1.828735806,0.007905913,229.7562657
6/13/15,,2.745346664,,1.969391816,0.008019509,230.3794499
6/14/15,,2.729586221,,1.971429827,0.008318946,232.5026892
6/15/15,0.0308,2.773880654,,2.411065429,0.008942315,234.7680405
6/16/15,0.04205,2.938882115,,2.923590269,0.009310525,244.4348799
6/17/15,0.085,2.956893037,,3.065003524,0.01003224,250.7433139
6/18/15,0.508,2.943121753,,2.853105086,0.011055504,247.6591376
6/19/15,0.1909,2.954763444,,2.967492859,0.011024406,247.4614075
6/20/15,0.194325,2.866212624,,2.988806574,0.01036972,243.4206664
6/21/15,,2.850231017,,2.968931782,0.010104517,242.7219974
6/22/15,,2.878393299,,2.997067881,0.010566006,245.8354015
6/23/15,0.45005,2.864793674,,2.89995023,0.011678928,244.4313149
6/24/15,0.4019,2.829314287,,2.825481508,0.011062517,242.1211778
6/25/15,0.3818,2.832690486,,2.846267023,0.011255823,241.4894431
6/26/15,0.099966667,2.721469853,,2.920361901,0.011472031,241.7199972
6/27/15,,2.563673556,,3.050397763,0.011136411,247.2011374
6/28/15,,2.701707895,,3.507970126,0.01158379,249.7582939
6/29/15,0.052733333,2.745172262,,4.033527861,0.010941346,254.7461248
6/30/15,0.537233333,2.906149853,,4.032498145,0.011031676,262.9093365
7/1/15,0.626766667,2.904874538,,4.118017705,0.010927795,258.9524798
7/2/15,0.211194444,2.939601123,,4.147080198,0.010912344,256.1583171
7/3/15,0.548266667,3.057416796,,4.133709576,0.010703866,256.0120977
7/4/15,0,3.005929935,,4.341707725,0.009674251,257.4308501
7/5/15,0.2023,3.057966035,,5.168163959,0.009677656,266.4552807
7/6/15,0.0323125,3.079496133,,5.39121433,0.009476818,273.1071494
7/7/15,0.2732,2.965890951,,5.882522244,0.009157193,267.2072528
7/8/15,0.3477,3.037451187,,7.180054242,0.008687722,268.7201362
7/9/15,0.1265,3.466892966,,5.885855888,0.008222531,269.9452203
7/10/15,0.1895625,3.960522815,,4.242618696,0.008186879,284.5630425
7/11/15,,3.908603777,,4.906920015,0.008167802,292.752775
7/12/15,0,3.927026659,,4.885154675,0.008879414,306.3980072
7/13/15,0.322575,3.782349957,,4.678761783,0.008314374,291.2215047
7/14/15,0.116509091,3.717011678,,4.445041003,0.008533447,291.0452523
7/15/15,0.210291667,3.747246307,,3.77806815,0.008375658,289.8151637
7/16/15,0.4763,3.726687266,,3.80936447,0.008179123,281.2628127
7/17/15,0.296,3.847947093,,3.967806429,0.00800191,277.5549649
7/18/15,0.36345,3.69773711,,3.863552094,0.008210235,278.5963644
7/19/15,,3.642121475,,3.790729317,0.00810929,275.6386874
7/20/15,0.2202,3.670061008,,3.892704936,0.00771625,277.6628146
7/21/15,0,3.624598614,,3.858076557,0.007767893,279.2197171
7/22/15,0.7644,3.605330071,,3.800199175,0.007585371,276.5355963
7/23/15,0.4404,3.562371419,,4.230668494,0.007481651,277.0981791
7/24/15,0.32985,3.697475772,,4.62823316,0.007696612,284.8487054
7/25/15,0,3.737127964,,4.614622469,0.008046459,288.9213224
7/26/15,,3.736635908,,4.664702937,0.00837561,290.8197923
7/27/15,0.34,3.696206294,,4.972468967,0.008357203,291.3948167
7/28/15,0.23765,3.704373944,,4.949328881,0.008456762,294.4555066
7/29/15,,3.658230338,,4.668748038,0.008479303,290.8851909
7/30/15,-0.049333333,3.690255905,,4.697485798,0.008476161,287.8153294
7/31/15,0.280466667,3.660959495,,4.341939439,0.008307567,286.3690796
8/1/15,-0.2263,3.617624382,,4.064702974,0.00820307,281.5055013
8/2/15,0.426625,3.598730275,,4.223646322,0.0080727,280.0104166
8/3/15,0.2202,3.660858379,,4.324252536,0.008206354,283.368569
8/4/15,0,3.584833794,,4.354117767,0.008130918,283.3072373
8/5/15,0,3.597458865,,4.233227561,0.008053837,283.2865605
8/6/15,,3.337685244,,4.147927855,0.008061669,280.3083888
8/7/15,0.280573333,3.284276681,1.265260931,4.172136454,0.008592281,279.3329473
8/8/15,0.118325,3.262815675,0.773042108,3.998659268,0.008878024,270.2594799
8/9/15,0.047525,3.072895087,0.666570308,3.930072488,0.008795747,264.0572616
8/10/15,0,3.110274411,0.871530641,4.001287679,0.008428504,265.2140934
8/11/15,0.1589,3.082210424,1.115983012,3.942282809,0.008000698,265.9806546
8/12/15,0.479425,3.068340074,1.617853212,3.935928763,0.008128025,268.7838854
8/13/15,0.142675,3.039191863,2.0181343,4.003031736,0.008070522,265.2159566
8/14/15,,3.013435247,1.712420673,4.007295857,0.00818716,265.6443742
8/15/15,-0.2732,2.978878718,1.3859537,4.040885398,0.008242514,265.6305007
8/16/15,,2.994542619,1.346758869,4.016483603,0.007956971,259.6922605
8/17/15,,2.924205572,1.243253929,3.992137307,0.008172564,258.6254522
8/18/15,,2.826552037,1.325828511,3.742612649,0.008329851,245.0677001
8/19/15,0.148,2.72144078,1.364268602,3.546946747,0.007557774,231.8335549
8/20/15,0.5917,2.755586972,1.472842779,3.576313937,0.007700793,233.7114869
8/21/15,0.3612,2.751568838,1.444908792,3.588888578,0.007792125,234.2087608
8/22/15,,2.631796653,1.341910212,3.45452351,0.007471742,228.2144699
8/23/15,,2.597925991,1.35773469,3.29793001,0.007714467,229.7339759
8/24/15,0.24545,2.450612974,1.176803158,2.913551881,0.007315328,218.2377016
8/25/15,0.259233333,2.463195147,1.084989938,2.847909306,0.007008471,214.7861201
8/26/15,0.225716667,2.615272552,1.172504848,2.963283694,0.007504326,227.8872265
8/27/15,,2.52938672,1.163234762,2.83395198,0.007422001,226.9031266
8/28/15,,2.581471013,1.171060921,2.876599542,0.007373675,229.7810858
8/29/15,,2.584876734,1.317016311,2.860878602,0.00787759,230.811319
8/30/15,,2.550326121,1.334382088,2.818062882,0.007632746,228.9365883
8/31/15,0.4926,2.54450357,1.373380264,2.836438228,0.007780613,229.3136794
9/1/15,,2.491504327,1.310587558,2.790563794,0.00767768,228.4344021
9/2/15,0.041083333,2.502680549,1.244766428,2.711821972,0.00763193,228.7748834
9/3/15,0.6471,2.421123241,1.26858478,2.683079552,0.007539443,227.9843612
9/4/15,0.64585,2.388333791,1.292612853,2.780364948,0.007584958,229.7079992
9/5/15,,2.443192146,1.286432214,2.973400002,0.007481093,233.930367
9/6/15,0.8955,2.417554649,1.267081707,3.036932568,0.007697901,240.5594035
9/7/15,,2.267596381,1.234991057,3.041464255,0.00774111,240.7061526
9/8/15,-0.4215,2.499258931,1.256011641,3.010510418,0.007722457,243.6874933
9/9/15,0.1642,2.389262608,1.180707666,2.961633445,0.007575708,240.2698498
9/10/15,0.4008,2.370978722,0.998269863,2.936242277,0.007374966,238.9039864
9/11/15,0.6249,2.436742134,1.046659969,2.938238714,0.0076331,240.3368953
9/12/15,0.27055,2.398486188,0.985896943,2.878556076,0.007774267,237.9634722
9/13/15,0.128,2.305148149,0.903975894,2.389320701,0.007532997,231.7845305
9/14/15,,2.335648166,0.939853895,2.802464813,0.007576108,230.1369271
9/15/15,0.6588,2.373414619,0.925998046,2.82029569,0.007362408,230.6518658
9/16/15,,2.382604918,0.858052655,2.827996758,0.007217622,228.8402816
9/17/15,0.2463,2.383740632,0.84382103,2.902637018,0.007288397,231.3042488
9/18/15,,2.401615429,0.872923201,2.921043716,0.007322923,233.2884
9/19/15,0.2942,2.413714778,0.907952706,2.842995296,0.007253663,231.8204743
9/20/15,0.34,2.411000353,0.935022485,2.832432874,0.007238415,231.1854175
9/21/15,0.3818,2.424693543,0.890331862,2.802205219,0.007080083,228.0954625
9/22/15,0.27545,2.443786672,0.89491878,2.842202001,0.006622554,229.3922426
9/23/15,0,2.407715397,0.827491104,2.867943085,0.006535379,230.6061883
9/24/15,0,2.4075675,0.752497496,2.870285416,0.006574223,232.4689977
9/25/15,-0.1531,2.392263773,0.747430007,2.883095306,0.006532368,235.400646
9/26/15,,2.359285805,0.750915122,2.877735186,0.006493706,234.7688225
9/27/15,,2.329510761,0.625178869,2.932701315,0.006101396,232.8777196
9/28/15,-0.12055,2.365192064,0.627483135,3.078033444,0.005455485,237.9191226
9/29/15,0.486666667,2.361401414,0.702645374,3.001399191,0.005513998,238.1856801
9/30/15,0.222733333,2.329573855,0.694625873,2.992723768,0.005363202,236.7859779
10/1/15,0.31245,2.246810397,0.670378151,2.989206706,0.005594611,237.2608471
10/2/15,0.20015,2.161875883,0.695859768,2.992997861,0.005460497,238.1376919
10/3/15,,2.142336953,0.675798968,2.998399828,0.005119888,238.3560418
10/4/15,0,2.297187547,0.6532584,3.002705855,0.005005692,238.9352022
10/5/15,0,2.307740194,0.610427706,3.005006688,0.005174493,238.8962532
10/6/15,,2.377187863,0.62280343,3.085744426,0.005256701,243.478514
10/7/15,0.4019,2.376785981,0.616748203,3.062292877,0.004952014,244.4232122
10/8/15,,2.367298076,0.664885967,3.088843196,0.004917035,243.5381604
10/9/15,0.528725,2.328861849,0.636565595,3.086901857,0.004997573,243.6652024
10/10/15,-0.1027,2.338423194,0.62560626,3.106771347,0.005087684,245.0714954
10/11/15,,2.33586661,0.638479589,3.15767894,0.005266366,246.899481
10/12/15,0.508,2.315347989,0.606280158,3.131263227,0.005246432,246.8909204
10/13/15,0.7813,2.336626099,0.520724497,3.103935208,0.005269633,247.8660799
10/14/15,,2.233053802,0.539691378,3.055596403,0.005248397,250.9993989
10/15/15,0.329525,2.268500512,0.525421949,3.021027116,0.005186376,254.8587758
10/16/15,0,2.328293602,0.519485297,2.96552584,0.005038027,260.7674648
10/17/15,-0.3612,2.406456717,0.530859216,3.030902374,0.005028469,268.4713888
10/18/15,0.644,2.355995482,0.501471137,3.027050277,0.005068846,265.1070199
10/19/15,0.4019,2.351496292,0.466224267,3.038941143,0.00469115,263.9926771
10/20/15,0,2.34294745,0.44741323,3.057060635,0.00467147,268.0132203
10/21/15,,2.331885443,0.507312635,3.066383004,0.004599168,268.48615
10/22/15,0.5267,2.321277781,0.5458401,3.056451061,0.004643867,273.1686336
10/23/15,,2.212701979,0.547092422,3.054472234,0.004615175,277.3542852
10/24/15,0,2.19727943,0.619048356,3.006320001,0.004453666,280.6342818
10/25/15,0,2.19549373,0.678303147,3.128393788,0.004657384,289.2785119
10/26/15,0.8883,2.056186896,0.80119493,3.01072863,0.004516059,284.5657717
10/27/15,,2.076464106,0.92842195,2.989125201,0.004487608,293.1161483
10/28/15,0.11315,2.161430601,1.07518661,3.476606003,0.004444014,300.8811097
10/29/15,0.8126,2.429678174,1.069182241,3.719634382,0.004471812,310.5424827
10/30/15,0.303975,2.427169203,0.962458549,3.832571705,0.004789724,324.7270653
10/31/15,0.0318,2.438829987,0.991781032,3.755674564,0.004770138,318.4337538
11/1/15,0.0381,2.329982576,0.946132729,3.715243653,0.004657378,318.5621359
11/2/15,0.1027,2.406697503,0.879059239,3.945824307,0.004673246,344.3806813
11/3/15,-0.037333333,2.269855787,0.757334728,4.049109683,0.004177223,385.708472
11/4/15,0.103128333,2.734687064,1.01113902,4.311626295,0.004877854,440.6372108
11/5/15,0.43865,2.749856125,0.980310072,3.83210552,0.004926987,400.8939857
11/6/15,0.437758333,2.635565963,0.879376606,3.485311239,0.0044914,372.1126466
11/7/15,0.4199,2.616655604,0.99218552,3.50744572,0.004539408,382.1050824
11/8/15,,2.535256427,1.044653541,3.385335649,0.004563294,378.6966128
11/9/15,,2.567553633,1.01893694,3.284491521,0.00471815,374.4563581
11/10/15,0.247666667,2.593326221,0.909659022,3.343598494,0.004703493,352.3215546
11/11/15,,2.34019886,0.819508668,3.022015024,0.004144569,313.5075242
11/12/15,0,2.451187097,0.861600517,3.135758648,0.004287008,326.008187
11/13/15,0.8169,2.427566605,0.892499109,3.193411632,0.004325262,333.7393461
11/14/15,-0.6696,2.392615052,0.926594647,3.193410091,0.004291088,333.6771126
11/15/15,,2.271935796,0.922748729,3.100656286,0.004184868,324.1570602
11/16/15,0.6588,2.186118284,0.949513823,3.112221519,0.004091738,324.7411249
11/17/15,0.3612,2.334383836,0.987074745,3.186387876,0.00425248,335.1048338
11/18/15,0.5134,2.257769376,0.977603337,3.18918253,0.004236378,333.3106049
11/19/15,,2.277790463,0.951793139,3.211728167,0.004377952,330.4114513
11/20/15,0.33385,2.152022776,0.94123866,3.077007887,0.004197345,318.9471854
11/21/15,0.122,2.112895506,0.970483712,3.127793622,0.004246137,323.8853923
11/22/15,,2.095942764,0.946400151,3.122895052,0.004256294,323.9188394
11/23/15,0.061733333,2.080286009,0.921548009,3.123599433,0.004223993,323.1823507
11/24/15,-0.080366667,2.078691197,0.865305506,3.199331595,0.004205319,321.5075821
11/25/15,0.105,2.022156412,0.800625136,3.393524186,0.00395065,323.8237734
11/26/15,-0.3625,2.09872379,0.850615833,3.496249743,0.004101548,347.5887991
11/27/15,0,2.093616388,0.90787824,3.557668904,0.004233258,357.8409364
11/28/15,,2.0914511,0.856261265,3.48313718,0.004056732,354.6094542
11/29/15,0.6114,2.072094224,0.837573862,3.515012496,0.00406942,363.3410821
11/30/15,0.21075,2.164498465,0.901049623,3.592533677,0.004216788,376.1630241
12/1/15,0.39055,2.213595756,0.86985501,3.424589259,0.004238516,364.7603752
12/2/15,0.802,2.323888805,0.785945687,3.319275135,0.004232417,355.6653288
12/3/15,-0.02035,2.367790594,0.829673476,3.384206957,0.004756532,363.0940239
12/4/15,,2.269088836,0.810283918,3.306753483,0.005039748,361.0134768
12/5/15,0.4019,2.266080523,0.813145028,3.350011566,0.004868749,376.5466817
12/6/15,,2.332525816,0.806449386,3.586457797,0.005422222,392.9146136
12/7/15,,2.299505957,0.787725683,3.608617191,0.006648103,392.4500213
12/8/15,0.578366667,2.43921657,0.753468296,3.497136277,0.008125814,397.9340864
12/9/15,0.6124,2.504300997,0.822261841,3.619853184,0.008526244,414.9023833
12/10/15,0.3348,2.449035762,0.838426678,3.586272055,0.007652198,415.428783
12/11/15,0.4019,2.589937021,0.976897277,3.683472764,0.008572256,435.8035674
12/12/15,0.6901,2.685779714,0.954739018,3.560474258,0.008544996,432.439088
12/13/15,0.6249,2.772800113,0.977355158,3.522861557,0.007375889,434.1311683
12/14/15,0.5256,2.608969392,0.976845141,3.606685935,0.006157328,441.0693635
12/15/15,,2.647937887,0.992673253,3.713936857,0.00658606,455.4675252
12/16/15,,2.600625931,0.937310263,3.707432362,0.006629813,454.0967886
12/17/15,0.251883333,2.580344633,0.908464611,3.698207776,0.006149037,453.8034614
12/18/15,0.2678,2.624352297,0.895989776,3.712594378,0.006199457,460.9261715
12/19/15,-0.098666667,2.595109699,0.950156351,3.687376919,0.006317676,460.4720035
12/20/15,,2.516262526,0.917314049,3.516226931,0.00628973,446.3967382
12/21/15,,2.534152081,0.888954825,3.402478694,0.006074324,437.3163574
12/22/15,0.186408333,2.50812033,0.854843561,3.46576134,0.005786351,437.6967106
12/23/15,,2.62609933,0.835366724,3.530585992,0.005795251,440.7035097
12/24/15,0.8682,2.865387646,0.865504188,3.592672848,0.006337948,453.6827478
12/25/15,,3.034729087,0.927801273,3.719399344,0.006602694,454.7309861
12/26/15,0,2.74349171,0.863849579,3.520434592,0.006371596,425.9088271
12/27/15,,2.887664655,0.844411046,3.452793851,0.00636348,420.8650679
12/28/15,0,3.031294802,0.843543698,3.450483548,0.006138321,424.5035294
12/29/15,,3.567585059,0.903511542,3.440933147,0.006113641,427.2285782
12/30/15,,3.314331354,0.963550407,3.485163891,0.006094728,428.9041849
12/31/15,0.4795,3.366053108,0.928104169,3.445522211,0.005830405,426.1992023
1/1/16,0.664988889,3.404648674,0.949781671,3.496171208,0.00604292,432.8739277
1/2/16,0.162428571,3.279191039,0.98486974,3.505493191,0.006080407,433.695193
1/3/16,0.2714,3.327873427,0.937912648,3.471853842,0.005924643,429.0111004
1/4/16,0.4389,3.393200032,0.9547645,3.471480966,0.006010302,432.3957917
1/5/16,0.08695,3.363913472,0.954371053,3.470645659,0.005963658,432.1491072
1/6/16,0,3.258167013,0.912909462,3.390651716,0.005652291,430.1591049
1/7/16,0,3.278234315,0.953334882,3.512245158,0.005768314,447.8505006
1/8/16,0.425333333,3.300973302,0.991419426,3.605280669,0.006060305,454.9778232
1/9/16,0.19765,3.163838844,1.008551598,3.572596246,0.005975404,451.6556569
1/10/16,,3.200768317,1.032769401,3.540496267,0.005827475,445.8664612
1/11/16,-0.0432,3.076727574,1.16319831,3.530779599,0.005833003,447.6594481
1/12/16,0,3.183216897,1.148206281,3.581260969,0.00590998,445.3639966
1/13/16,,3.406606393,1.149357019,3.467410308,0.005550762,431.2946148
1/14/16,0.3182,3.821058498,1.353725378,3.531404218,0.005783159,431.5790512
1/15/16,-0.1637,4.107407336,1.324234753,3.244694034,0.005367036,396.3837154
1/16/16,-0.11565,4.359805652,1.215172563,2.947546286,0.005088921,372.2692833
1/17/16,0.5356,4.567939849,1.417773179,3.017938402,0.005333461,384.8095807
1/18/16,0.182,4.122918529,1.360085195,3.015013979,0.005259186,382.7646242
1/19/16,0.250679167,4.196602556,1.440737354,3.044478912,0.005059845,382.1635177
1/20/16,-0.0683,4.706491698,1.475675632,3.161846601,0.005161989,400.7755549
1/21/16,0.6431,5.598272325,1.598372632,3.277248365,0.005427222,413.3451512
1/22/16,-0.0351,4.676903715,1.836330365,3.116775603,0.005121092,391.5207857
1/23/16,-0.0516,4.224099874,2.084761867,3.065942891,0.004991151,388.7189395
1/24/16,0.5719,4.006597898,2.445554712,3.13992142,0.005071804,398.7267624
1/25/16,0.3494,4.369939577,2.470069234,3.105691135,0.005395631,394.9949361
1/26/16,0.043833333,4.274484746,2.398773609,3.267751602,0.006429466,393.7211406
1/27/16,0.218973611,4.310633271,2.574129659,3.253994293,0.006212322,394.4331127
1/28/16,0,4.383664865,2.530388691,3.122626819,0.007146994,383.422435
1/29/16,0.4588,4.239613834,2.487533563,3.047140197,0.00665662,375.4438951
1/30/16,0,4.106183278,2.331001557,3.061484292,0.006276989,378.1318833
1/31/16,,4.14391681,2.227999121,3.056965658,0.006568792,375.3595435
2/1/16,0.318,4.135986705,2.29136438,3.026730768,0.006759396,372.4184954
2/2/16,,4.144654126,2.467146032,3.056453527,0.006821475,373.1660107
2/3/16,,4.110563237,2.464450786,3.047561398,0.006605418,370.4665289
2/4/16,0.485216667,4.221320297,2.474207837,3.06951608,0.007109103,381.1851237
2/5/16,-0.004475,4.327262542,2.577122172,3.147905741,0.008039532,386.515953
2/6/16,0.05905,4.224798084,2.838696632,3.035030072,0.008307485,376.0744747
2/7/16,,4.175317161,3.126324718,3.045624603,0.007814298,376.048999
2/8/16,0,4.045719262,3.57470265,3.026073474,0.007603567,374.5599367
2/9/16,0.089875,3.844310367,4.222819958,2.97918605,0.007603064,372.6992109
2/10/16,,3.590206751,5.197280368,3.013818683,0.007691458,377.0322602
2/11/16,0.5154,3.680323,5.824422565,2.997172621,0.00750975,376.0516004
2/12/16,0.292675,3.645255068,4.785758505,3.020080411,0.007831999,380.5635985
2/13/16,-0.5574,3.701788784,4.827452903,3.070948207,0.008284357,387.8444159
2/14/16,,3.870976329,5.368486834,3.103429253,0.008351037,398.0475221
2/15/16,0.010033333,3.719250601,4.532012272,3.131678042,0.008120863,402.0229071
2/16/16,-0.014766667,3.557846068,3.858735802,3.12766153,0.007631466,403.78128
2/17/16,0.52015,3.359802405,4.038522124,3.169316684,0.007715835,414.8298549
2/18/16,0.6486,3.593298926,4.531008614,3.21613002,0.00813783,419.6921103
2/19/16,,3.47575623,4.218391857,3.309411249,0.007830366,419.1844904
2/20/16,,3.900759169,4.445416208,3.428174702,0.007827199,432.9203081
2/21/16,,4.082453275,5.254668091,3.43327433,0.008012829,436.9045161
2/22/16,,4.004820539,5.79086705,3.484979444,0.008093543,436.3096182
2/23/16,0,3.957672154,5.976375293,3.361191307,0.008095504,425.4074817
2/24/16,0.59495,3.88208638,6.024449306,3.333376614,0.008044463,420.5155892
2/25/16,0.528022222,3.891958643,5.917360913,3.323557249,0.007966134,421.9350724
2/26/16,0.3818,3.93421462,6.18217926,3.332883263,0.007737735,423.7532994
2/27/16,0.032866667,4.011943253,6.505191481,3.394878498,0.007794838,431.3690196
2/28/16,,3.866428433,6.239673967,3.369440423,0.007673767,429.1816075
2/29/16,,3.970221636,7.247982459,3.436858085,0.008011497,435.6442001
3/1/16,0.1582,3.946537946,8.203958647,3.377659464,0.007906439,432.7553025
3/2/16,,4.323073405,9.497960554,3.322048302,0.008193526,428.755955
3/3/16,-0.52535,4.724624037,9.372610132,3.281862604,0.00820672,418.923926
3/4/16,,5.180875557,11.63833239,3.266678233,0.008057595,416.4131951
3/5/16,,4.723760107,10.61154026,3.123279202,0.007493078,397.089441
3/6/16,-0.0169375,4.384832663,9.885157023,3.149405854,0.007604603,401.5101996
3/7/16,,4.309096689,9.452276772,3.207634217,0.007758877,408.3619631
3/8/16,0,4.584638849,10.93665634,3.233330104,0.007939873,411.3923699
3/9/16,0,4.904595483,11.44954673,3.229779582,0.008050972,410.9735625
3/10/16,0.019920833,5.082201117,10.89687341,3.317850916,0.008809037,414.1531032
3/11/16,0.2439,5.279545041,13.08182098,3.307330913,0.008540246,419.2560772
3/12/16,,5.702562705,14.42540374,3.258350789,0.008398673,412.711199
3/13/16,-0.4767,5.517251912,13.09025244,3.264118902,0.008283562,411.9125856
3/14/16,0.249235,5.532506739,12.50582855,3.289901373,0.008020713,413.2258043
3/15/16,0.4404,6.170714533,13.16675771,3.281586769,0.008097075,415.234623
3/16/16,,5.939133419,11.22882019,3.260796707,0.008106507,415.2923602
3/17/16,-0.3595,5.923217044,9.923767447,3.249142456,0.008097483,418.6909756
3/18/16,0.316475,5.965274352,10.64837527,3.193757492,0.007945919,411.4924488
3/19/16,,5.9118763,10.045313,3.145309506,0.007798652,408.0927409
3/20/16,,6.177021876,11.22773527,3.178326191,0.007908003,411.2325867
3/21/16,0,5.958176962,11.36300834,3.174208895,0.007984436,410.0891434
3/22/16,,6.328747202,11.94598346,3.215639129,0.00822957,415.4250483
3/23/16,,6.563798748,11.43139698,3.224604221,0.00813149,416.3589391
3/24/16,0.024766667,7.20233119,10.77590496,3.213524174,0.008068758,415.9153465
3/25/16,0,7.116137616,10.90226919,3.221098644,0.008035514,415.4867784
3/26/16,0.4003,6.908100047,10.30383605,3.260409685,0.007877347,416.3502527
3/27/16,0.9312,6.92128657,11.2771793,3.260739088,0.007422892,422.9568212
3/28/16,,7.100388881,11.82427134,3.268272804,0.007531167,423.0992936
3/29/16,,6.94455052,11.97411622,3.227758569,0.007241207,416.4006219
3/30/16,,6.785982369,11.55894117,3.231667595,0.007317039,412.6925718
3/31/16,0.2781,6.901027795,11.64316909,3.249159478,0.00736247,415.4892889
4/1/16,0.072533333,7.069605213,11.41003071,3.238626875,0.007349377,416.3953003
4/2/16,,6.843513517,11.56658544,3.248818043,0.007383372,419.5097882
4/3/16,0.32905,6.923117349,11.22442598,3.210589485,0.007380954,418.6587756
4/4/16,0,7.081103913,10.52517684,3.223789298,0.007294077,418.7185256
4/5/16,0.7345,7.062640108,10.5919551,3.231769119,0.007189543,421.6740716
4/6/16,,7.000229736,10.28099149,3.25660361,0.006874579,422.271416
4/7/16,0.78955,6.952065932,9.824033338,3.231930345,0.006661062,421.5861928
4/8/16,0.46295,6.714244904,9.547425585,3.241328177,0.006346973,422.0061787
4/9/16,,6.463884666,8.299374755,3.19500635,0.005817282,417.308587
4/10/16,,6.437061618,8.466909121,3.239893395,0.006075347,420.7304062
4/11/16,0.0111,6.380328699,7.658251623,3.236948175,0.00582373,421.7038535
4/12/16,0.5785,6.493375026,7.954469252,3.247021782,0.005723035,425.8210518
4/13/16,0.17,6.404148992,8.451730949,3.247168988,0.006124809,425.0388089
4/14/16,0.210175,6.067350655,8.258184755,3.234798319,0.006337423,424.4757783
4/15/16,,6.278522039,8.319078298,3.252237658,0.006377541,428.0228759
4/16/16,,6.381294847,9.326138943,3.275476295,0.006543677,430.5050693
4/17/16,-0.102066667,6.226364646,9.021594814,3.271332348,0.006946987,428.5618171
4/18/16,-0.3612,6.326489567,8.947341738,3.247240882,0.006994856,428.3439057
4/19/16,,6.344701129,8.410848395,3.224938696,0.007125775,430.8207252
4/20/16,0.189475,6.209708537,8.239447437,3.267498711,0.00726981,438.9981984
4/21/16,0.4199,6.220130527,7.938196011,3.331785843,0.00720021,445.5575568
4/22/16,,6.351846322,8.178821506,3.320632915,0.007351374,447.4360086
4/23/16,-0.3595,6.356518648,8.071263822,3.555996402,0.007092917,448.6348419
4/24/16,-0.20995,6.19111421,7.532744622,3.772730025,0.007030187,455.9135268
4/25/16,0.349445,5.972816315,7.280952625,3.966712515,0.007002802,462.5364406
4/26/16,0.192461765,6.469501321,7.858958476,4.088168916,0.006810355,466.7823963
4/27/16,,6.565136784,7.660504589,3.902134121,0.006864387,457.0164156
4/28/16,0.056666667,6.463762776,7.410979914,3.699311293,0.006592354,444.8281854
4/29/16,,6.708736542,8.64983562,3.72977002,0.006758009,452.0407346
4/30/16,,6.822922467,8.758675586,3.713062667,0.006828917,453.4473467
5/1/16,,6.884067249,9.902566081,3.739657069,0.006747108,452.2190475
5/2/16,-0.063875,6.780882467,9.568631181,3.7159985,0.006497864,445.6697102
5/3/16,0.0386,6.859608827,9.655528598,3.778339358,0.006331744,448.106435
5/4/16,0.31245,6.80839768,9.733032882,3.73017895,0.006243379,448.1965999
5/5/16,0.1240375,6.675311698,9.337135355,3.727179865,0.00636609,448.3162029
5/6/16,0.0301,6.528949025,9.22729001,3.924023104,0.006381183,454.1767001
5/7/16,,6.744073226,9.319547128,3.942757447,0.006392055,459.8600678
5/8/16,,6.617101215,9.397432672,4.003164228,0.006342246,458.9179505
5/9/16,0.100885714,6.789425206,9.488652945,4.015062009,0.00634967,461.1234711
5/10/16,0.31195,6.791949987,9.813642356,3.889158783,0.006173311,455.5949299
5/11/16,0.169738889,6.815092051,10.24153352,3.856571417,0.006139657,453.7810169
5/12/16,0.208105,6.841608482,10.54456522,3.867502777,0.005998439,451.6897068
5/13/16,0.196140476,6.895445792,10.09386989,3.98029376,0.005988723,455.070143
5/14/16,0.012475,6.97167719,10.09275789,4.042553973,0.00589413,455.1451799
5/15/16,0.3612,7.436403656,10.98948088,4.093371643,0.005933687,456.7888465
5/16/16,0.052561111,7.303601226,11.88707684,4.010955612,0.005974439,456.0640489
5/17/16,0.39505,7.320050461,13.10749876,3.968279816,0.005939316,453.7292607
5/18/16,0.4658375,7.750200005,14.25354489,3.96443516,0.006242095,454.631846
5/19/16,0.014561111,8.203715917,14.36150023,3.905237866,0.006117694,445.8960498
5/20/16,0.27001875,8.013382285,13.50603095,3.923179495,0.005921062,440.5552218
5/21/16,0,8.19338112,14.11658251,3.956527512,0.00595508,441.7714854
5/22/16,0.4939,7.979923344,13.91735337,3.947969082,0.005849385,440.7976716
5/23/16,-0.008577778,7.845039747,12.55548925,3.944489332,0.005769712,441.1094956
5/24/16,0.09641,7.559462353,12.19680935,3.989271462,0.005675392,444.7799567
5/25/16,-0.107788889,7.447067011,12.35713054,4.039889385,0.005529154,448.0675875
5/26/16,0.2661,6.982804324,10.78087464,4.256376262,0.005369505,450.840035
5/27/16,0.060466667,7.199918562,10.64072494,4.300014576,0.00511495,469.692339
5/28/16,0.128133333,7.736294922,11.46262681,4.304863272,0.005230486,495.7806371
5/29/16,0.08895,7.9973492,12.20755423,4.44844336,0.005570781,522.0975432
5/30/16,0.238425,8.130627015,13.67605738,4.598031328,0.00560817,530.0727581
5/31/16,-0.034044444,8.252745455,13.88783349,4.694349351,0.005714405,534.5561716
6/1/16,0.27229,8.044967447,13.79971302,4.704440214,0.005689136,534.1911932
6/2/16,0.15175,7.843100843,12.9783888,4.604521326,0.005532948,535.6193445
6/3/16,0.1168375,7.822199725,13.33994254,4.707055272,0.00563864,559.9444311
6/4/16,0.29985,7.741023857,13.81675762,4.784413989,0.005767721,575.0469936
6/5/16,-0.0084,7.635510813,13.72420117,4.888057214,0.005666705,575.8846658
6/6/16,0.219303333,7.877447938,14.26909088,4.848857697,0.005787193,582.7988987
6/7/16,0.477716071,7.94216168,14.59385813,4.750105456,0.005699438,579.211224
6/8/16,0.092375,7.879686629,14.51473226,4.737792559,0.005736232,578.2492316
6/9/16,0.27602,8.034357179,14.09090554,4.819364843,0.005687258,577.3865673
6/10/16,0.046785,7.575173379,13.69510843,4.859860413,0.005609447,577.6978925
6/11/16,0.6908,7.055537943,13.5704759,4.809693581,0.005224129,590.2971042
6/12/16,0.0601875,7.199620693,15.62124567,4.934340896,0.005317316,643.7429088
6/13/16,0.224169444,8.098580549,18.45012884,5.216490303,0.007932619,692.8051592
6/14/16,0.17335,8.305467006,18.33989752,5.146734666,0.006879374,683.1552683
6/15/16,0.264681944,7.82292951,18.11672758,4.989552822,0.006094359,685.5297424
6/16/16,0.196533333,8.276938895,16.20821147,5.524260877,0.006540853,739.9154947
6/17/16,0.226363333,8.263816066,11.84825456,5.485324833,0.006435779,744.8818489
6/18/16,0.0358125,8.184508208,12.24287454,5.552127947,0.007052054,758.2854222
6/19/16,0.11230873,8.20912758,11.59868241,5.464278166,0.006680102,755.6676568
6/20/16,0.1423625,8.718181076,13.49929229,5.344994493,0.006814052,744.7051331
6/21/16,0.122466667,8.099362776,14.67810928,4.490215069,0.00713841,674.7079389
6/22/16,0.3243875,7.795204247,14.20596697,4.07957686,0.006931031,639.3940267
6/23/16,0.1357375,6.450091412,12.46864656,3.818801217,0.005786987,592.3220912
6/24/16,0.4311,6.680872195,14.03674945,4.178715138,0.006300365,661.1085576
6/25/16,0.30085,7.286849296,14.84104246,4.346289117,0.006766834,673.987476
6/26/16,0,6.808010038,13.87683338,4.09921351,0.006345729,638.4033598
6/27/16,-0.184571429,6.925134165,12.44480119,4.081047012,0.006815577,642.3729926
6/28/16,0.245153125,7.117877765,12.48902221,4.13105342,0.00697107,649.0754087
6/29/16,0.3447625,6.878338573,12.05920075,3.999724158,0.006386932,634.8839048
6/30/16,0.118694444,7.089734899,11.80982224,4.168023693,0.00664707,660.742585
7/1/16,0.203036111,7.023444896,11.84585205,4.454051319,0.006563872,677.3861952
7/2/16,0,7.309603374,12.24111398,4.475981913,0.006792438,690.990673
7/3/16,0.082316667,7.054458368,11.5565752,4.419315147,0.006726753,673.3486532
7/4/16,0.515911111,6.896847784,10.19522954,4.406138284,0.006608099,671.5548131
7/5/16,0.316725,6.987282002,10.64548382,4.438425975,0.006559558,672.7752232
7/6/16,0.283693333,7.375302521,10.56206007,4.377122505,0.006690396,673.7558884
7/7/16,0.179512,7.052580676,10.54825418,4.077278389,0.006408025,638.2495263
7/8/16,0.300775,7.206833269,10.95657548,4.111720173,0.006471194,649.0666148
7/9/16,0.135075,7.443052797,10.90559959,4.128877398,0.006459963,649.242538
7/10/16,0,7.905092869,10.51350011,4.103073809,0.006339699,647.568829
7/11/16,0.399925,7.944013965,10.43167306,4.113173354,0.006254083,651.4669433
7/12/16,0.036508333,7.803840566,10.46327583,4.159367135,0.00638803,660.6028815
7/13/16,0.24487,7.807172279,11.20865779,4.187395694,0.006443136,662.8741186
7/14/16,0.424725,8.011118254,11.94589138,4.140470006,0.006397319,659.5173973
7/15/16,0.1727,8.24150044,11.78949666,4.157916489,0.006619743,664.6328443
7/16/16,0.22735,8.098281236,11.12240598,4.118719164,0.006521847,664.139223
7/17/16,-0.5423,8.161496913,11.22662992,4.150376319,0.006472316,672.7979728
7/18/16,-0.19278,8.522522416,11.6405785,4.185332211,0.006496599,676.7290325
7/19/16,0.044914286,8.469523183,12.40282995,4.155009789,0.006377187,671.9902491
7/20/16,0.149761111,8.713482143,12.4829702,4.158907597,0.006448074,668.8873765
7/21/16,0.028884848,9.368961208,13.88243921,4.111596932,0.00642382,664.9916678
7/22/16,0.356744444,9.37338861,14.52106611,4.049216563,0.006355304,657.8989245
7/23/16,-0.059633333,9.238913479,13.11806996,4.026202667,0.00626383,654.5276807
7/24/16,0,9.14418741,13.40812302,4.048577006,0.006218031,658.6897076
7/25/16,0.1514,8.932509759,12.56492066,3.986693795,0.005982201,656.6631301
7/26/16,0.124127778,9.097257897,12.68804295,3.939819108,0.005911187,652.4488837
7/27/16,0.0839375,9.173343074,12.80624656,3.951155568,0.005883377,654.4357049
7/28/16,0.067375,9.367854132,12.70514708,4.0643285,0.00609013,656.2640378
7/29/16,0.316072222,9.302037089,12.61894106,4.072614814,0.006104542,655.6973322
7/30/16,0.33055,9.620549225,12.39935522,4.101982628,0.006123996,655.6741353
7/31/16,0.0722,10.30167063,11.75958824,4.015991442,0.005979317,635.4215756
8/1/16,-0.071172222,10.54803549,10.05798042,3.969314733,0.00607752,619.5229837
8/2/16,0.350816667,9.371255953,9.730825467,3.717642141,0.005655546,559.9550156
8/3/16,0.318803333,8.947239425,10.37522445,3.587667482,0.005509786,549.330649
8/4/16,0.320480556,9.654632434,10.98702448,3.745563166,0.005936035,576.314078
8/5/16,0,10.22406918,10.60123847,3.702379958,0.006461857,573.8771573
8/6/16,-0.06355,10.20510832,10.72083873,3.690800085,0.006040258,578.5687657
8/7/16,0.1974,10.33681182,11.10731451,3.780062712,0.006050898,592.6442331
8/8/16,0.067966667,10.45157679,11.939466,3.738969583,0.006209518,591.3826641
8/9/16,0.379158333,10.30222732,12.10714998,3.732804886,0.006144748,587.4519629
8/10/16,0.27942,10.82102599,11.83224076,3.642180235,0.006185488,592.4797247
8/11/16,-0.10578,12.1450828,11.92877156,3.773389221,0.006157631,592.6497681
8/12/16,0.1121125,12.97895629,11.65710794,3.710747325,0.00611524,586.8751986
8/13/16,0,14.40864111,11.63747213,3.735559496,0.006049665,586.7764168
8/14/16,0,13.65577908,11.26387423,3.645534954,0.006098865,574.822368
8/15/16,-0.1077125,12.11063322,11.03764716,3.567317436,0.006136186,568.1654105
8/16/16,0.171711111,12.5616661,10.93612423,3.61795063,0.006051294,574.1265999
8/17/16,0.162416667,13.35689723,10.88012539,3.622112277,0.006012753,574.2839553
8/18/16,0.248492857,14.06662846,10.73244647,3.602943756,0.006147751,574.0197072
8/19/16,0.165519444,13.29357663,11.01204056,3.573938278,0.006065138,573.8067741
8/20/16,0,13.30727377,10.99573287,3.573577982,0.005949385,577.0499452
8/21/16,-0.068,13.94191894,11.14917959,3.626900343,0.00581477,580.8961042
8/22/16,0.364805,13.21120437,11.02970041,3.909704825,0.005948936,583.2290093
8/23/16,0.16598,13.25015448,11.09462308,3.903121305,0.006099983,582.6154194
8/24/16,0.084408333,12.77241444,11.28650125,3.827320355,0.006122432,579.7757976
8/25/16,0.20095,12.38252282,11.24662331,3.791584691,0.0059585,575.1448169
8/26/16,0.184066667,12.72581596,11.30837523,3.785582562,0.006019838,577.7195664
8/27/16,0.2294,12.52469938,11.01002874,3.726213604,0.005945023,572.1870395
8/28/16,0.27685,11.68114317,10.88744256,3.746173495,0.006131966,572.0117352
8/29/16,0.027166667,11.56726736,11.11889294,3.769917877,0.006025426,574.3971559
8/30/16,0.197957143,11.83032131,11.44880943,3.788996351,0.005962292,575.5108216
8/31/16,0.136211111,11.55979546,12.19796053,3.815661676,0.005922619,572.7871472
9/1/16,0.131180952,11.38294885,12.02231732,3.796749752,0.005900878,571.2370275
9/2/16,0.142075,11.05735844,11.63370707,3.754020808,0.005816788,572.5184738
9/3/16,0.4107,10.62763122,11.23968212,3.810564049,0.005696398,583.0499939
9/4/16,0.6908,11.37411364,11.67029488,3.949592698,0.005914201,604.1063119
9/5/16,0.39465,11.02745628,11.47460691,3.911856071,0.005834476,604.6089327
9/6/16,0.174475,11.02568816,11.53847889,3.924086574,0.005840718,608.4081537
9/7/16,0.484525,11.26062831,11.20168526,3.915353827,0.005820174,612.6499334
9/8/16,0.19574375,11.30732005,11.5782792,3.972868466,0.005891772,623.4679124
9/9/16,0.262527778,11.17297193,11.8470222,3.96952331,0.005905843,622.3227985
9/10/16,0.457883333,11.40948322,11.93618213,3.989682873,0.005907742,623.1795733
9/11/16,0.27985,12.29163466,11.89486623,3.831386816,0.005930495,611.3911879
9/12/16,0.170425,12.32945494,11.97016727,3.816291803,0.005869761,607.0073775
9/13/16,0.117883333,12.65605916,11.85771983,3.812475002,0.006065308,608.3558729
9/14/16,0.0593,12.46579695,12.0220482,3.831465699,0.008776295,609.8884631
9/15/16,0.225371429,11.90567634,12.49454211,3.81844846,0.007825176,608.4895615
9/16/16,0.2416075,11.75356978,12.64751962,3.823584626,0.007116738,607.7487846
9/17/16,-0.6369,11.6049073,12.43832115,3.81429458,0.006801498,606.1941102
9/18/16,0.05185,11.45021569,12.84893906,3.825960979,0.007053747,608.6063121
9/19/16,0.30282,11.32507067,13.74416064,3.827286285,0.00675045,608.6970667
9/20/16,0.121617857,11.6873925,14.03473801,3.841483343,0.006985333,607.9489241
9/21/16,0.488006061,11.48986806,12.97476276,3.762963072,0.006888761,596.4294829
9/22/16,-0.048288571,11.48461541,13.24199275,3.785917785,0.007144974,596.4085195
9/23/16,0.159861538,11.40517442,12.83500011,3.79977331,0.007274667,599.2312524
9/24/16,0,11.61969197,13.01274783,3.833602788,0.007872926,602.827448
9/25/16,0.061815,11.28077757,12.81734027,3.821169141,0.008291983,600.4332388
9/26/16,0.27619,11.47750525,13.06264196,3.846018924,0.008119078,604.5479076
9/27/16,0.216992857,11.54868268,13.30766633,3.83636951,0.008802995,605.0168525
9/28/16,0.231285294,11.83156879,13.1016525,3.83083864,0.008951871,604.4477361
9/29/16,0.046942857,12.03039137,13.20438886,3.830528161,0.009014218,605.3873883
9/30/16,0.472017857,11.74876138,13.00626894,3.793935911,0.008184569,606.2643976
10/1/16,-0.0609,11.81054531,13.25210975,3.847489162,0.008179872,613.1837934
10/2/16,0.1366,12.05542396,13.32317589,3.821822632,0.008108103,610.5499089
10/3/16,0.090708333,11.90532736,13.40265646,3.826485962,0.007948568,611.8990067
10/4/16,0.180124444,11.9265211,13.15988247,3.811572181,0.007462207,609.657434
10/5/16,0.1232625,12.09151491,12.84404277,3.801623135,0.007363753,611.6073958
10/6/16,0.1098,11.84911921,12.58049003,3.814058156,0.007251899,611.9745837
10/7/16,0.163753333,11.71824349,12.15225547,3.810840483,0.007254949,614.8262221
10/8/16,0,11.70437484,12.13711664,3.820630959,0.007624481,617.8671512
10/9/16,0.2023,11.61881121,11.76912895,3.78480829,0.008132782,616.5869961
10/10/16,-0.00104,11.31799556,11.59488351,3.715747821,0.007670095,616.5671045
10/11/16,0.275952991,11.42522051,11.74522067,3.770430864,0.007777145,631.7746086
10/12/16,0.338881944,11.51054062,11.98563231,3.905266455,0.007850173,637.7069679
10/13/16,0.140923333,11.52438076,11.90911148,3.92003211,0.008090429,635.5403767
10/14/16,0.1505,11.26197823,11.81984466,3.865791082,0.008089175,636.9428849
10/15/16,0.0821,11.05063364,11.95095413,3.884345045,0.007965851,640.3417454
10/16/16,0.2162,10.67108699,11.95437105,3.864670137,0.007979387,640.9145939
10/17/16,0.00497,10.24113007,12.54867411,3.85898432,0.00826793,638.4501629
10/18/16,0.138275714,10.33715751,12.26499616,3.833074658,0.008624779,636.5150703
10/19/16,0.12602,10.6286654,12.15940966,3.805850215,0.009062707,631.9879202
10/20/16,0.124077273,10.55378287,12.02288799,3.785640952,0.008882051,629.0404566
10/21/16,0.270088889,10.17702587,11.76930505,3.74734287,0.008512601,631.0304658
10/22/16,0,9.936535009,11.82603816,3.813344949,0.008729837,645.2207476
10/23/16,0.1806,9.919590263,11.9845984,3.877946525,0.008977076,652.8782301
10/24/16,0.457786364,9.387324018,11.32176461,3.83947969,0.008746426,649.3263493
10/25/16,0.175426667,8.985580307,11.31561369,3.844333421,0.008565023,654.818292
10/26/16,0.41885,9.299109047,11.11445209,3.915973518,0.008151641,666.5282626
10/27/16,0.1686875,9.215987599,11.10408443,3.926555612,0.007914505,681.6972331
10/28/16,0.206716667,8.300056903,10.0101814,3.88107488,0.007381289,686.6315331
10/29/16,0.110466667,9.18792733,10.8272528,4.036837383,0.008018647,707.1117574
10/30/16,0.2202,9.515868728,11.18399104,3.999700778,0.008224721,702.3672915
10/31/16,0.384,8.587678692,10.26477831,3.909907809,0.007745822,698.4510116
11/1/16,0,9.004717102,10.85997861,4.063750453,0.008073274,723.411646
11/2/16,0.042333333,9.344316965,11.18312589,4.057703096,0.008226323,727.9932068
11/3/16,0.04215,9.254378006,11.16237998,3.903739351,0.008244501,710.1206869
11/4/16,0.0903,9.104896141,10.9913498,3.854685689,0.008151969,699.1396868
11/5/16,0,9.317543525,10.89401304,3.860679889,0.008054671,704.0796398
11/6/16,-0.063,9.704601945,10.99710238,3.884297728,0.008182722,710.9228711
11/7/16,0.16585,9.971952805,10.79988622,3.842658947,0.008217281,705.951971
11/8/16,0.04645,9.433575201,10.24481957,3.786629345,0.007783454,708.8756369
11/9/16,0.2202,9.839431135,10.77719917,3.894741868,0.008266769,728.9920092
11/10/16,0.532585714,9.581221624,10.37376737,3.810245186,0.008023193,714.4428521
11/11/16,-0.02344,9.830443058,10.10154256,3.8275245,0.008129478,715.6231069
11/12/16,0,9.737136042,10.32266518,3.843415925,0.008184169,707.9730776
11/13/16,,9.547009425,9.9292244,3.834109613,0.007961653,695.3408802
11/14/16,0.186066667,9.473137732,9.990413283,3.863261017,0.007708365,702.6768336
11/15/16,0.352666667,9.042180383,9.861143543,3.796838483,0.007513228,710.8067978
11/16/16,0.64309375,8.984916671,9.789964398,3.850721376,0.007512405,730.7786888
11/17/16,0.372666667,8.911226407,9.570236782,3.892641013,0.007678586,744.7707247
11/18/16,-0.037,8.539718723,9.584510785,3.890560217,0.007592987,745.1410425
11/19/16,0.373875,8.540597144,9.768434665,3.983514732,0.007522322,748.489729
11/20/16,0.1591,8.451145611,9.536328977,3.918784528,0.007458582,733.3905744
11/21/16,0.16245,8.56532623,9.806353388,3.871776141,0.007303448,735.4932365
11/22/16,0.187215,8.517819057,9.836524613,3.886657186,0.007031334,742.4851253
11/23/16,0.346,8.815710548,9.240794814,3.910641894,0.006934708,740.8876108
11/24/16,0.224625,8.980714699,9.435823831,3.881556409,0.006831238,736.124759
11/25/16,0.157733333,8.940364197,9.351449657,3.880181111,0.00681674,735.3549175
11/26/16,0,8.981304464,8.965419393,3.86059205,0.006942852,732.3683835
11/27/16,0.4111,8.996563465,8.761540867,3.848623988,0.006819248,731.6789553
11/28/16,0.218925,8.761809486,8.089248384,3.806583725,0.006740101,731.8242286
11/29/16,0.23096,8.743521186,8.397755622,3.826187728,0.006581061,732.0423531
11/30/16,0.167611111,8.621273502,8.332782614,3.829609183,0.006556107,739.1327106
12/1/16,-0.088240741,8.479222199,7.576670131,3.811953881,0.006356317,749.5657069
12/2/16,0.067255556,8.748818407,7.918552277,3.899809235,0.006581439,767.0674433
12/3/16,0,8.765881888,7.57104953,3.870543596,0.006481925,765.280444
12/4/16,0,8.654103159,7.146886462,3.53326342,0.006441913,764.1652922
12/5/16,0.148,8.505631822,6.730427537,3.476428547,0.006400959,753.0539867
12/6/16,0.167033333,8.607603351,7.811017729,3.569604458,0.00680642,756.2689264
12/7/16,0.4084,8.636253565,8.4533052,3.661644588,0.007055545,762.7615791
12/8/16,0.306455556,8.785076136,8.398328905,3.680383458,0.006884772,769.248213
12/9/16,0.2047125,8.828189748,8.197233156,3.646943439,0.006713206,770.7469701
12/10/16,0.010255556,9.317593481,8.231676309,3.667424173,0.006759815,773.4342611
12/11/16,0.38295,9.184278206,8.313862024,3.610156086,0.006628644,767.2042006
12/12/16,0.1101,9.212268593,8.345873812,3.623413648,0.006625249,775.790239
12/13/16,0.186696667,9.25066407,8.357699317,3.616819552,0.006674378,778.8071946
12/14/16,0.09755,9.308564588,7.906744025,3.640789207,0.006553033,777.3467917
12/15/16,0.309506667,9.611557842,7.791645539,3.621542077,0.006552794,777.3184226
12/16/16,0.1165875,9.478171635,7.546622947,3.605507139,0.006439171,779.5606834
12/17/16,-0.064,9.779542461,7.843279806,3.669721685,0.006534424,788.2297177
12/18/16,0.2699,10.24322025,7.680245572,3.642051382,0.006495049,788.2340911
12/19/16,-0.0986,10.2877082,7.599462327,3.64173164,0.006429753,790.8675731
12/20/16,0.20225,9.745383088,7.565581395,3.54748945,0.006226894,793.2349436
12/21/16,0.357445833,9.152317126,7.324739921,3.523713718,0.006006149,817.1631463
12/22/16,0.2873,9.110544976,6.985512935,3.938448452,0.005910409,856.5810804
12/23/16,0.455027778,9.824946621,7.249463753,4.500127687,0.006269026,898.1412371
12/24/16,0.3182,10.25419211,7.450817446,4.366176209,0.006584927,902.0447469
12/25/16,0.727666667,9.645483414,7.006309811,4.143512885,0.006109401,875.2723157
12/26/16,0,9.496395215,6.988804272,4.21845802,0.005978269,901.6997525
12/27/16,0.375544444,9.773989712,7.023862888,4.315080077,0.00594441,920.1872491
12/28/16,0.0851,10.52358613,8.058486662,4.488182025,0.006276199,958.198375
12/29/16,-0.071616667,11.34522135,8.435449067,4.453102006,0.006566824,969.9887617
12/30/16,0.1998,11.23074437,7.98790851,4.297664245,0.006420628,951.2042029
12/31/16,,11.08162556,8.108214912,4.317503523,0.006269626,957.1947562
1/1/17,0.7116,11.37438851,8.00851185,4.464305364,0.006118967,988.5245474
1/2/17,-0.097466667,12.5321828,9.219716316,4.518703975,0.006323244,1014.966965
1/3/17,0.032388889,14.52657045,9.928012678,4.257120126,0.006122838,1022.176578
1/4/17,0.2312875,15.50476148,10.91622472,4.728661521,0.006381725,1092.761129
1/5/17,0.274166667,14.18877879,11.00385561,4.369903391,0.006881943,1004.663256
1/6/17,0.234433333,12.85168501,10.52367224,4.128309745,0.006766066,934.539544
1/7/17,0.223066667,12.05324809,9.552820283,3.751368078,0.005966535,864.7152155
1/8/17,0.299575,12.74087503,10.7455835,4.353869681,0.006302734,916.0949875
1/9/17,0.067216667,12.24626888,10.33750192,4.467011679,0.006541066,893.5882022
1/10/17,0.175832333,12.77049701,10.92134939,4.401811455,0.007205001,906.2894187
1/11/17,0.182392,12.19500414,10.06995496,4.136894757,0.006947841,825.1592729
1/12/17,0.330393333,11.91128837,9.293799023,3.828665014,0.006355311,788.5001563
1/13/17,-0.003072727,12.13550392,9.418002001,3.832844843,0.006621923,805.5867576
1/14/17,0.27055,12.50071009,9.898432468,3.954165066,0.00691405,829.0227765
1/15/17,-0.07525,12.50881713,9.516747872,3.840302792,0.006717124,819.1614904
1/16/17,0.2919,13.10835837,9.456200891,3.69609522,0.006305302,830.7381421
1/17/17,0.244927778,13.93650656,10.1958443,3.885393686,0.006648128,882.8855016
1/18/17,0.168561111,14.59454556,10.14192612,3.818483759,0.006627458,882.4844543
1/19/17,0.113466667,15.17041883,10.62037755,3.894929756,0.006685452,896.173135
1/20/17,0.16105,14.67804443,10.50005514,3.839305586,0.006542967,896.2968741
1/21/17,0.25,15.10650433,10.68490179,3.836343245,0.006673841,914.2248004
1/22/17,-0.142975,15.05852903,10.71360388,3.833467007,0.006685307,919.5745015
1/23/17,0.492416667,14.53533918,10.84464386,3.86217534,0.006690015,921.4897153
1/24/17,0.208619167,14.32080575,10.60192579,3.751220875,0.006564022,904.1352231
1/25/17,0.3294,14.46147527,10.34405215,3.725695323,0.006238615,893.7843378
1/26/17,0.204958333,15.05633122,10.36164934,3.806350562,0.006284763,908.202793
1/27/17,0.3039,15.12224702,10.47939231,3.854392087,0.006304324,917.6599641
1/28/17,0,15.38750176,10.48058472,3.85790521,0.006325053,919.3390533
1/29/17,0,15.72418957,10.54669574,3.980703123,0.006309566,917.0880279
1/30/17,-0.0046,15.54636896,10.26071329,4.038243468,0.006104941,919.4187539
1/31/17,0.5048,15.44260602,10.40325943,3.955073588,0.00635714,951.6676343
2/1/17,0.3169,15.71175411,10.453999,3.953773441,0.006356518,973.4330231
2/2/17,0.1551875,16.76004044,10.60205267,3.958541959,0.006259667,996.7623404
2/3/17,0.2463,17.21548755,11.18868857,3.949507085,0.006353008,1011.625433
2/4/17,0.3465,16.87661273,11.28676919,3.979424119,0.006409772,1023.925268
2/5/17,0.1806,16.61183619,11.19722975,3.929136067,0.006299498,1017.689432
2/6/17,0.3086,16.74054703,11.22601461,3.881301317,0.006230577,1024.766024
2/7/17,0.4404,16.77701615,11.25764462,3.922277673,0.006331217,1043.034124
2/8/17,0.31445,17.25025502,11.53407697,3.953075679,0.006599529,1049.209639
2/9/17,0.159541667,16.85159725,11.29654229,3.835514182,0.006372394,995.6865896
2/10/17,0.124225,16.61037702,11.03887057,3.719904557,0.006170961,979.5176955
2/11/17,0,17.02570909,11.40386836,3.786847034,0.006339346,1007.845124
2/12/17,0.106066667,17.05541408,11.3503953,3.788975071,0.006316716,1004.247359
2/13/17,-0.5093,17.46701565,12.33680889,3.735639464,0.006224057,995.8491963
2/14/17,0.6524375,19.02466958,12.81895838,3.831328278,0.006153237,1008.727411
2/15/17,0.523366667,19.29791168,12.52793778,3.807376569,0.005976138,1011.190938
2/16/17,0.1107625,19.46350265,12.52368687,3.827102543,0.00583579,1031.058226
2/17/17,0.338316667,20.69471536,12.62240942,3.764755392,0.005504703,1048.514826
2/18/17,0.0386,22.92697267,12.9348266,3.814058353,0.005790876,1064.499284
2/19/17,0,21.92760977,12.54130227,3.724303679,0.005772514,1053.378421
2/20/17,0.39705,20.62201612,12.20756715,3.680856241,0.005622148,1064.800683
2/21/17,0.1485,21.55793142,12.50174743,3.82565328,0.005771333,1105.619425
2/22/17,0.3002875,23.4915663,12.57009206,3.795003841,0.005692051,1122.692519
2/23/17,0.14271,26.52852771,12.79802929,3.828499854,0.005539466,1156.464801
2/24/17,0.220533333,25.3544413,13.58988887,3.943146067,0.005752493,1173.978149
2/25/17,0.257796667,27.24066741,13.96068818,3.857285073,0.005639475,1158.003072
2/26/17,0,27.84957625,14.66893286,3.783939912,0.005514299,1165.813729
2/27/17,,31.44341575,15.56721137,3.81199389,0.005447791,1186.882588
2/28/17,0.1589,38.91806481,15.90521639,3.793704629,0.005351118,1191.785848
3/1/17,0.074,46.55548124,17.9240884,3.929340081,0.005757515,1212.108337
3/2/17,0.385213333,44.6671925,19.32750206,3.98981036,0.006110619,1247.06515
3/3/17,0.00575,46.08012997,19.30696474,4.015545066,0.006394929,1271.357672
3/4/17,0.2023,42.0717634,18.81532624,3.969082438,0.006089875,1263.459572
3/5/17,0.299733333,45.1316618,19.47658691,3.978187658,0.006014615,1263.574578
3/6/17,0.085,47.08243853,19.4947847,4.118938188,0.006597039,1276.022921
3/7/17,0.363323333,45.69182156,18.49869291,4.060625184,0.006856107,1239.802268
3/8/17,0.6674125,49.0607471,17.26245122,3.929932943,0.006483708,1185.321352
3/9/17,0.150725,50.83426814,19.24738104,3.862514042,0.006063565,1170.572311
3/10/17,-0.042325,64.75054742,20.15774873,3.819650294,0.006181308,1170.702269
3/11/17,0.037033333,70.42309569,21.7032244,3.73895927,0.005975193,1162.488813
3/12/17,0.25,74.41327458,26.84421835,4.161218602,0.006116364,1201.643286
3/13/17,0.1591,81.81381146,28.13295427,4.174168779,0.006277205,1230.824442
3/14/17,-0.162766667,94.76421668,31.33865883,4.222506311,0.006252011,1242.944534
3/15/17,0.1544625,91.76581632,41.69898409,4.529787214,0.006379277,1250.838685
3/16/17,0.21015,97.02633758,48.65853781,4.446574026,0.006363215,1193.848961
3/17/17,0.32278,115.4810211,41.04883126,4.426519245,0.007486248,1112.369639
3/18/17,0.127125,103.7013208,39.95225889,3.961135962,0.006767081,1010.012051
3/19/17,0,102.049749,41.84962369,3.855656019,0.006642131,1009.44238
3/20/17,0.1036,92.23910781,40.44131997,3.816076878,0.006496388,1029.538438
3/21/17,0.180483333,102.6340162,42.14422394,4.041205864,0.007491324,1084.127863
3/22/17,-0.100475,100.329652,42.21111386,3.992339638,0.008770463,1040.387047
3/23/17,-0.100475,108.4842216,50.35984464,4.363642942,0.01048995,1036.556314
3/24/17,0.360366667,99.60726352,52.830933,4.277452017,0.010218004,977.7994219
3/25/17,0.252866667,87.58685613,47.4522916,3.856436134,0.008880602,924.1001188
3/26/17,0.46425,79.68788442,47.61266074,3.969002666,0.009164747,966.7455032
3/27/17,0.2553,82.08251883,47.46183853,4.008273972,0.009043112,1002.562255
3/28/17,0.026475,84.88418591,52.75904856,4.275375108,0.009865407,1043.958418
3/29/17,0.18231,79.5014714,52.09690121,6.811894249,0.0122084,1033.734104
3/30/17,-0.0018875,68.87447024,48.19900131,6.778840071,0.019004926,1032.876393
3/31/17,0.168185714,67.03981786,48.84379342,6.998515806,0.021402221,1060.565978
4/1/17,0.515916667,61.99331801,47.98269718,7.884267693,0.040843438,1083.380308
4/2/17,0.3056,54.64252405,43.69662929,8.388623056,0.040047396,1093.295015
4/3/17,0.5131,65.25410746,42.79310538,8.901023168,0.03486261,1134.112235
4/4/17,-0.091066667,73.79585308,46.56480941,10.9552505,0.03803696,1143.624764
4/5/17,0.1591,66.73303664,41.70521123,10.94744853,0.031501418,1129.4879
4/6/17,0.119873333,66.3225191,42.1535603,10.16296156,0.034472917,1167.386295
4/7/17,0.113233333,69.02638091,44.96807769,10.78881506,0.036241338,1191.365468
4/8/17,0.4019,66.10163784,43.22612025,9.550316211,0.033817627,1186.999887
4/9/17,0.295877778,62.50601423,43.09777622,9.54439083,0.034166646,1199.250478
4/10/17,0,61.2498211,43.70086455,9.761982194,0.033553023,1209.553807
4/11/17,0.2553,65.25917486,45.89555141,11.4571729,0.034092792,1216.296546
4/12/17,0.283640476,74.11291134,50.40319291,11.49096157,0.035781827,1218.312124
4/13/17,-0.08895,71.08739265,47.71562539,11.54846833,0.034052217,1182.77935
4/14/17,0.456633333,74.68502655,48.2355313,11.62051129,0.033736767,1179.607223
4/15/17,-0.106355769,75.60658814,48.25707255,11.58386758,0.033380897,1179.953957
4/16/17,0.50556,74.75060001,47.53903574,11.96123832,0.033292101,1177.647717
4/17/17,-0.0839,71.04610237,48.45081996,10.78012318,0.032620094,1185.323182
4/18/17,0.0219,73.66209122,48.16522502,10.49677906,0.031508569,1202.617132
4/19/17,0.29972,70.08657132,47.63152451,10.62116784,0.028448269,1201.870258
4/20/17,0.263826389,70.7667497,47.86129481,11.86609009,0.031778758,1224.614934
4/21/17,0.074508333,72.6451411,48.56900403,13.57801552,0.032651515,1244.34127
4/22/17,0,70.92640588,48.21278203,15.14914541,0.031537617,1236.284459
4/23/17,0.153866667,70.98231441,49.54945185,14.73166239,0.031248721,1241.013556
4/24/17,0.022004167,71.85352556,49.21942883,14.71269174,0.032579896,1247.316068
4/25/17,0.2097,70.68094539,51.60164057,15.14161245,0.032473144,1269.473949
4/26/17,0.031404167,76.05941927,57.82800245,14.23655115,0.033177579,1295.999194
4/27/17,0.231033333,80.06698085,66.42949033,14.6235628,0.041592522,1323.338271
4/28/17,0.115805357,93.64276574,69.51766931,15.24507661,0.052403081,1326.996217
4/29/17,-0.064,94.12627269,74.61262534,16.03208034,0.052496027,1338.84281
4/30/17,0.230266667,87.37589504,74.78742239,15.06613795,0.052399132,1340.474095
5/1/17,0.21272,83.68205621,74.40237098,15.37903885,0.052155226,1403.909177
5/2/17,0,86.72516211,76.48172772,19.25080744,0.055832857,1446.447069
5/3/17,0.305704167,90.67988435,84.98884083,21.98315037,0.070246814,1481.062923
5/4/17,0.101111111,98.83581037,93.26242013,25.93864012,0.093078345,1553.636209
5/5/17,0.242407143,99.16828883,92.46575912,27.17457584,0.099943841,1561.378553
5/6/17,0,103.0880541,93.57900759,29.78513033,0.126187553,1560.182409
5/7/17,0.144625,94.87098941,85.58528167,27.65391252,0.180140153,1557.766806
5/8/17,0.234416667,81.59115633,77.31507812,26.55366734,0.155434956,1608.89096
5/9/17,0.245666667,91.22903087,86.29042692,33.63730856,0.179125686,1716.092025
5/10/17,0.270175,88.10953418,84.60441819,29.54229628,0.172796423,1753.566294
5/11/17,0.049158333,92.39508249,91.73633506,30.70977015,0.20404315,1836.076217
5/12/17,0.3434,88.31127751,88.26054011,27.81495708,0.214232327,1746.554111
5/13/17,-0.005966667,85.62100445,84.1221419,27.67200914,0.205496633,1701.976421
5/14/17,-0.3454,87.13935788,94.25096806,27.30567754,0.24870176,1789.993952
5/15/17,0.516533333,87.50897424,89.47841273,24.34248365,0.306423157,1738.37384
5/16/17,0.5300875,78.57148597,83.04770427,22.3372987,0.371208643,1731.625894
5/17/17,0.322195,84.77262641,90.80538827,25.99804396,0.348377142,1806.654266
5/18/17,0.19535,89.90460064,107.7921297,26.18384884,0.315750091,1847.572214
5/19/17,0.036332,99.33196096,120.7676955,26.3475163,0.327611754,1931.103765
5/20/17,0,97.12788077,132.3191353,26.05254395,0.33050033,1991.685731
5/21/17,0.172,112.5630842,153.8809149,23.27900502,0.285814655,2032.676587
5/22/17,0.3488425,128.6027495,156.7213417,27.22201808,0.311797319,2127.002655
5/23/17,0.334733125,136.5628431,173.4885484,30.26032781,0.291143712,2198.140522
5/24/17,0.156188333,125.0597853,178.0984308,29.13327095,0.248714559,2362.634739
5/25/17,0.359484561,134.8673631,187.2468744,29.96591474,0.308677165,2523.934298
5/26/17,0.162636553,117.3989973,166.6521427,25.32955297,0.236099954,2343.423862
5/27/17,-0.2294,104.5158068,160.37574,22.7936049,0.214390319,2063.230867
5/28/17,0.2549,111.7610766,179.0977616,24.53788616,0.227459313,2193.013049
5/29/17,0.3905,120.1527783,213.2031517,25.36484706,0.220313325,2247.63645
5/30/17,0.296915152,132.5347789,228.135091,25.13829743,0.226684728,2253.551326
5/31/17,0.122233333,136.1670369,211.4366243,26.11699857,0.283559391,2249.400212
6/1/17,0.297166667,140.4883992,221.011401,27.42706746,0.302746033,2393.249274
6/2/17,0.3753,141.9940442,214.0010297,26.36488103,0.278442477,2425.66841
6/3/17,0,142.2930618,241.4868635,27.43411869,0.29046771,2523.831001
6/4/17,0.4008,139.6071647,238.5625025,28.72011903,0.281049779,2518.592877
6/5/17,0.2463,130.6481543,236.6172884,27.88776908,0.26306561,2605.900054
6/6/17,0.267053571,148.138245,262.5419183,29.8584367,0.286379514,2816.201334
6/7/17,0.376533333,145.5935574,260.2767084,30.22380079,0.289622141,2786.435838
6/8/17,0.386,143.7220769,263.1149885,29.57588934,0.28087293,2746.386333
6/9/17,-0.12385,148.0062132,304.1485939,29.25250331,0.266754497,2826.088536
6/10/17,0.56225,179.2385555,332.7691941,31.2785896,0.262225954,2857.737078
6/11/17,0.2553,186.4534137,390.5931643,31.23900252,0.268466212,2903.593035
6/12/17,0.681045564,183.7595204,395.1656103,30.3228214,0.266862647,2783.008104
6/13/17,0.243648,180.5364753,379.5449602,31.12773722,0.284195602,2709.721602
6/14/17,0.288915196,169.3977006,354.1794184,31.03505601,0.268765439,2602.550974
6/15/17,0.2882974,152.7398266,329.5588941,29.7037224,0.235184675,2319.833056
6/16/17,0.22492,165.5879748,341.5007164,38.93280866,0.241772694,2443.876416
6/17/17,0.5447,184.3776441,363.1784776,42.8991679,0.266689845,2562.354396
6/18/17,0.52545,197.2005935,357.2898298,46.63609925,0.267089972,2558.578139
6/19/17,0.269133333,182.9679506,333.2046477,43.81280919,0.294116503,2554.425075
6/20/17,0.34,181.801088,324.2468595,43.45487138,0.283604405,2672.739659
6/21/17,0.299866667,183.5096307,326.7035782,45.8721789,0.274047684,2688.323367
6/22/17,0.435058333,184.6066219,324.9399986,45.27399256,0.282378622,2674.293227
6/23/17,0.1909,185.7851576,325.3627924,44.96359388,0.293002726,2705.722837
6/24/17,0.0772,176.1475399,293.8670015,42.81957675,0.275491776,2612.039213
6/25/17,0.171185,161.7242446,258.7475968,39.04360572,0.255050253,2529.256777
6/26/17,0.081075,162.4996547,247.1042354,37.31100535,0.244403913,2424.401476
6/27/17,-0.273618519,171.4164062,276.5395032,38.51717681,0.246061903,2391.272136
6/28/17,0.2090875,178.5649495,303.49263,40.69318085,0.258205012,2534.652125
6/29/17,0.32095,182.8834797,296.4175714,40.96908982,0.257597511,2554.263872
6/30/17,0.5198,176.7825384,273.7723956,39.56224902,0.249584154,2508.38346
7/1/17,0.046833333,169.0403548,270.3785774,39.54222213,0.243952058,2443.185362
7/2/17,0.33818,171.5101039,271.1029324,43.94339681,0.243293537,2451.320275
7/3/17,0.37965,177.4483068,271.8643184,48.18626296,0.248325836,2528.776335
7/4/17,0.131625,200.156723,265.2443052,52.96107189,0.252935059,2599.003893
7/5/17,0.263533333,213.0116809,265.2130665,50.59992071,0.247800357,2576.690827
7/6/17,0.2644875,201.6777256,256.4035424,48.47914192,0.244051458,2592.981919
7/7/17,,201.1783603,242.5307592,48.68622538,0.225478677,2536.032813
7/8/17,0.669375,201.1163185,241.3806023,49.6881685,0.231394684,2513.793413
7/9/17,,193.7408577,228.2669349,48.52231415,0.210903104,2539.165713
7/10/17,0.141275,167.8010947,199.294745,45.32351991,0.178191954,2410.279368
7/11/17,0.153633333,172.5226392,206.4081375,45.80986195,0.183627707,2338.908503
7/12/17,0.195265,171.9304591,206.9244023,45.37891494,0.195913607,2349.36571
7/13/17,0.3162875,169.8862102,203.0098478,44.71278098,0.189138781,2361.872888
7/14/17,0.02548869,160.3758315,199.0340757,42.89319752,0.190809951,2243.767067
7/15/17,0.15355,139.642415,163.7199169,41.59619561,0.156661042,2060.516138
7/16/17,0.155483333,133.3160967,159.7327681,38.5997941,0.146931269,1910.928196
7/17/17,0.242,141.2975018,196.1217129,39.25285427,0.159099901,2070.265464
7/18/17,0.2157,161.164978,214.3314886,41.70129883,0.171716272,2291.383394
7/19/17,0.407011111,171.8733147,198.1021255,38.54788376,0.161568107,2303.508802
7/20/17,0.3969,182.0496743,213.6192834,43.79519615,0.178918765,2599.429971
7/21/17,0.3238375,189.0006857,220.9611659,44.82801033,0.186922691,2727.205882
7/22/17,0.299266667,194.6046038,229.8056172,45.62776942,0.198840794,2789.573432
7/23/17,0,208.7185425,227.5359047,45.1256022,0.19368623,2764.18196
7/24/17,0.182033333,208.3780728,219.1180963,44.93531351,0.186984405,2757.068779
7/25/17,0.142622222,198.6028072,206.7200998,43.14371498,0.174170382,2589.124153
7/26/17,0.20125873,187.8977661,194.9192456,40.16666895,0.166093355,2490.902148
7/27/17,0.362325,173.8100001,182.3641849,37.4921267,0.153646216,2578.822029
7/28/17,-0.022720833,177.7306924,192.3977635,40.00159733,0.161894508,2747.234149
7/29/17,0,175.5802006,200.6106565,40.63654763,0.165207219,2716.777165
7/30/17,0.28535,167.5776532,188.0195511,39.11604488,0.156679272,2681.945765
7/31/17,0.176892667,182.3800925,219.1092836,42.90988634,0.173708643,2790.948635
8/1/17,0.247675278,185.9870316,225.8781828,43.16333206,0.177787506,2766.259625
8/2/17,0.1893375,182.0254266,221.1152372,41.73755459,0.170573995,2709.243879
8/3/17,0.115414286,183.9391583,217.3937746,41.66968158,0.169619047,2754.450258
8/4/17,0.3805125,171.482553,213.042122,41.26909686,0.16155315,2837.75074
8/5/17,0,187.4653789,255.7194,43.90691762,0.176054196,3161.325129
8/6/17,0.220025,188.191339,260.487648,44.49332497,0.174020887,3236.393649
8/7/17,0.42238125,193.4330062,279.1306955,45.53688125,0.183770576,3335.219166
8/8/17,0.38927,204.807693,306.8713144,49.49456457,0.1918736,3420.206767
8/9/17,0.2400025,197.2157796,295.7041737,46.64668802,0.178101377,3334.607319
8/10/17,0.166291667,196.4805609,290.5167564,45.20012699,0.17267641,3404.503346
8/11/17,0.380308333,197.6570607,301.4507495,44.75139807,0.168588602,3529.173171
8/12/17,-0.021171429,187.329693,274.8161911,43.22281115,0.153538129,3807.989311
8/13/17,0.06364,195.9516616,296.2594946,44.8380115,0.170008501,4024.82247
8/14/17,0.302346667,201.3845307,289.8185993,44.06878509,0.161071814,4211.027816
8/15/17,0.24635,215.8892819,291.2117306,42.92855863,0.153247001,4127.30948
8/16/17,0.127266667,236.1194135,292.844822,42.32675825,0.151508269,4191.100112
8/17/17,0.0722375,236.9454761,307.676742,46.99738599,0.165988785,4338.441839
8/18/17,-0.20401,289.7108375,298.5060281,45.85091931,0.15768911,4179.409217
8/19/17,0.098666667,298.8575061,291.7685445,45.32494981,0.155758362,4075.310363
8/20/17,0.4019,289.4147241,329.6322856,47.50406056,0.17839141,4093.423814
8/21/17,0.270421,291.9742618,322.1639454,47.39564074,0.219021311,4020.214952
8/22/17,0.269358333,275.3888281,300.2112129,48.92164158,0.252930891,3902.050149
8/23/17,0.318353333,296.2650569,317.7293265,50.94901413,0.242432698,4155.514187
8/24/17,0.246567857,303.6697825,320.5704751,49.02009597,0.208302781,4216.655496
8/25/17,0.290955556,373.8987222,334.6225101,51.73170854,0.21967905,4367.376743
8/26/17,0.169596667,371.9112798,335.0225385,58.81151647,0.199701524,4314.139646
8/27/17,0.12917,360.5930013,347.1917743,62.38125049,0.216252523,4344.164778
8/28/17,0.469166667,341.6027184,349.3144712,59.54390012,0.211966293,4302.137064
8/29/17,0.226615625,362.6890635,374.7402875,62.01600671,0.222138224,4507.675004
8/30/17,0,366.1599308,377.0025532,67.84013754,0.238205941,4572.090995
8/31/17,0.198526667,378.6605337,381.2453778,79.25365886,0.248765195,4683.961489
9/1/17,0.191091667,373.6989213,368.8594666,83.62253847,0.241243081,4816.192471
9/2/17,0.10135,366.2277385,359.5248249,81.43682607,0.234169288,4703.13894
9/3/17,0.1949,342.9579985,323.6040009,73.52842038,0.21698492,4597.138145
9/4/17,0.319816667,319.4647376,308.2519967,70.21332232,0.215651553,4384.052714
9/5/17,0.21295,323.401494,315.2538192,74.12828837,0.215053921,4314.020475
9/6/17,0.164766667,342.4950001,329.9648796,79.34213763,0.225767524,4569.267844
9/7/17,0.223194444,353.9382735,325.5722883,77.56267492,0.225441322,4601.782442
9/8/17,-0.296,332.4509886,308.1989476,72.48113137,0.21614634,4391.433165
9/9/17,0.017216667,322.2157061,300.5957898,68.52764601,0.218419953,4304.689654
9/10/17,0.20415,321.1437686,296.0835902,67.84835891,0.213890496,4200.520351
9/11/17,0.228827778,325.7595662,300.8104064,68.40113621,0.214799239,4225.004707
9/12/17,0.20961,324.2433534,295.2227628,66.11613525,0.214527595,4231.313502
9/13/17,0.1722,292.6291375,271.8737388,57.25332366,0.20314527,3911.905828
9/14/17,0.293052,271.0144652,244.4843251,48.06593028,0.182906392,3527.60641
9/15/17,0.20429,274.4584379,237.781153,48.92932366,0.169799061,3437.9239
9/16/17,0.3883,309.0195933,258.6303257,51.94900814,0.183516494,3740.654172
9/17/17,0,308.8524237,267.4196024,50.77229679,0.17539024,3652.441478
9/18/17,0.350166667,325.3613343,287.6932428,54.06448771,0.188014383,3974.093918
9/19/17,0.273498,340.1412241,287.4887157,52.9775584,0.185873096,3964.024216
9/20/17,0.472988889,362.4263307,285.0312677,51.56541396,0.186348757,3943.054534
9/21/17,0.106835,353.2439641,269.5727813,48.42395428,0.176757446,3736.943896
9/22/17,0.165966667,339.5758629,267.8150652,47.1235067,0.170627229,3618.0498
9/23/17,0.4404,345.3418536,286.9747677,48.38995395,0.177591071,3724.644946
9/24/17,0,329.6508002,280.4500238,48.61110539,0.174791235,3695.374949
9/25/17,0.24125,339.5809246,287.0441111,51.79406908,0.184213234,3850.611082
9/26/17,0.411575,333.7198533,287.5874308,52.38137598,0.198597587,3914.795714
9/27/17,0.403120833,334.0779189,295.5725714,53.95099352,0.198229449,4072.928885
9/28/17,0.335912821,331.2456563,294.6081245,53.478261,0.197841993,4187.132137
9/29/17,0.123133333,315.0021615,289.4485039,52.76244112,0.191604469,4125.84989
9/30/17,0.187566667,314.3567978,297.1812219,53.84297735,0.197130358,4277.074381
10/1/17,0.28595,306.7059806,292.0328739,52.76135222,0.198006936,4308.244919
10/2/17,0.3270875,303.1916487,298.608927,53.18709422,0.205513084,4400.708439
10/3/17,0.245877778,311.5943406,297.6215938,52.6711941,0.213719831,4306.262956
10/4/17,0.145733333,300.0056376,291.3625907,50.79870628,0.228271007,4246.112475
10/5/17,0.360994444,300.4084095,295.6119743,51.08675431,0.232588891,4274.745294
10/6/17,0.064433333,308.8655374,309.9245365,51.94538043,0.235769918,4367.727271
10/7/17,0,296.7595221,299.9048776,51.40653745,0.252152852,4370.066762
10/8/17,,271.7250744,283.4016365,47.94462981,0.242810204,4505.66347
10/9/17,0.193833333,279.4265923,290.699146,49.09301817,0.246817874,4691.46311
10/10/17,0.419956944,293.3884262,302.3531984,50.69929703,0.260715274,4815.575805
10/11/17,0.4799,271.3368436,279.6806291,50.25200174,0.235819943,4796.988255
10/12/17,0.184651667,271.6933524,293.6801084,53.09506619,0.221418414,5142.090439
10/13/17,0.281018381,310.5127664,336.1646246,61.96354674,0.256109078,5625.062115
10/14/17,0,306.4907117,335.6314472,66.14725705,0.265608628,5696.088959
10/15/17,0.23966125,302.8388027,338.0282292,63.47725967,0.272066982,5616.576843
10/16/17,0.104774286,304.7917391,325.4406399,61.5931702,0.243497567,5686.538232
10/17/17,-0.157577778,300.9720269,316.9718416,59.69864612,0.226519508,5616.650323
10/18/17,0.200283333,279.5125549,293.9788751,56.87714478,0.203872871,5374.976827
10/19/17,0.189284524,278.4455525,291.9522588,57.9104389,0.201898865,5652.263855
10/20/17,0.192966667,270.6779045,287.6647381,56.49699541,0.196332932,5890.577016
10/21/17,0.148,282.6353245,304.0114442,58.42066615,0.206611951,6064.336684
10/22/17,0.20985,275.076657,285.6799505,54.61650208,0.193164522,5896.352931
10/23/17,0.108457755,301.1501281,313.0947816,58.67580283,0.209340856,5849.143782
10/24/17,0.008583333,296.4635383,300.8267197,56.02218864,0.204321999,5648.935561
10/25/17,0.25508,270.4292103,280.7462064,52.90105732,0.191612677,5541.141612
10/26/17,0.199653333,283.9270044,298.4150184,55.72774291,0.202194318,5860.70486
10/27/17,0.261467857,281.1774815,297.5665546,55.19509435,0.201672875,5810.223992
10/28/17,0,271.2825606,294.4538625,54.27875432,0.190581639,5747.335318
10/29/17,0.31775,279.7582142,301.5442629,55.99079425,0.197922133,6014.042332
10/30/17,0.215765,272.4446554,298.0130854,54.50397465,0.195725472,6120.246167
10/31/17,0.341465,263.8915254,284.9702983,52.19177647,0.187139068,6296.738508
11/1/17,0.051352381,245.2483477,266.4074045,48.5785454,0.176666645,6550.487377
11/2/17,0.296601667,259.8060357,287.6629751,53.0231497,0.203999614,6979.117817
11/3/17,0.238991667,272.6092479,298.3390013,55.26040411,0.20334108,7251.821684
11/4/17,0.2992,262.3558906,288.7236639,53.28369671,0.194859044,7270.859862
11/5/17,0.1204,284.9975554,310.4569677,56.99554142,0.211018875,7461.770675
11/6/17,0.19515625,291.8222463,297.8575242,59.84785386,0.204782707,7175.287574
11/7/17,0.0582,294.2302312,295.1261993,59.27987296,0.20827547,7103.528999
11/8/17,0.149818333,334.8713322,328.6208586,65.66386698,0.224527898,7424.864366
11/9/17,0.401277047,347.8691527,325.4462386,64.70928462,0.221568011,7231.331941
11/10/17,0.375844391,356.6558391,329.0068785,65.13670761,0.220408919,6828.03342
11/11/17,0.176408333,450.9423094,328.4267733,63.42344068,0.203650848,6463.054538
11/12/17,0.261635714,421.3337777,298.8495803,57.21113035,0.188176924,6006.285462
11/13/17,0.321702419,410.0492729,317.8268254,59.76550979,0.198603156,6381.849476
11/14/17,0.242696882,399.8060239,312.9458962,59.4367944,0.194576979,6604.785439
11/15/17,0.277340364,390.8572802,305.2508555,61.27693009,0.229948213,7055.790528
11/16/17,0.272229286,404.7171664,317.5231948,65.3319539,0.217046178,7531.095694
11/17/17,0.266942857,457.9677761,339.70726,68.32237424,0.227782099,7806.103475
11/18/17,0.146847222,431.440051,349.8224499,68.78962703,0.224504914,7683.261928
11/19/17,0.308192857,441.7047832,351.1005352,69.93147504,0.233477871,7890.431606
11/20/17,0.230924099,487.9596076,364.6384634,70.59532031,0.234015388,8139.665665
11/21/17,0.32366464,548.5864275,364.0288068,70.12355178,0.233627818,8112.07701
11/22/17,0.344715025,565.9042294,402.2439978,74.08370986,0.244583684,8191.014202
11/23/17,0.195055506,557.7343663,438.0081467,74.57541403,0.240536363,8162.07543
11/24/17,0.285648155,586.8609476,452.9686886,78.81974269,0.239295272,8142.064374
11/25/17,0.093345,582.7722201,428.3358155,80.43091214,0.233123728,8489.574939
11/26/17,0.184519841,592.7222827,451.118738,84.76590087,0.235602304,9110.684626
11/27/17,0.356444622,599.2666739,456.4424649,89.57791022,0.255906273,9566.589655
11/28/17,0.142522547,646.7394568,443.8013091,90.21738993,0.246765989,9827.39899
11/29/17,0.233035471,773.9377136,451.2193868,88.74582583,0.246385286,10356.67448
11/30/17,0.28553855,734.8514016,425.1038723,86.24416711,0.230327008,9813.677392
12/1/17,0.175265531,723.687769,433.709005,93.9947627,0.231980949,10310.26441
12/2/17,0.079779705,746.3614884,451.3991656,97.51784556,0.239315243,10932.62872
12/3/17,0.1806,750.3628985,456.724233,98.822999,0.242886444,11270.83267
12/4/17,0.106335128,732.1855932,446.3146908,98.36177159,0.232860925,11353.53119
12/5/17,0.271025556,651.0057547,394.3824804,88.80833867,0.207292177,11685.01559
12/6/17,0.286353723,565.9373884,352.0113729,78.84021388,0.180383258,12729.94061
12/7/17,0.191698047,678.18781,420.8750568,110.9178402,0.220976311,15145.73758
12/8/17,0.198459619,765.7312137,494.3687958,149.0845395,0.252479365,15604.41066
12/9/17,0.248478063,694.4505296,448.6199274,143.9190245,0.238405406,14798.59751
12/10/17,0.371949029,639.300578,413.5938973,164.6847256,0.213444876,14549.75299
12/11/17,0.118871332,825.9503942,566.5019742,268.0021611,0.324381483,16550.07569
12/12/17,0.083356477,898.9213827,684.1824706,311.6149409,0.444460301,16996.56981
12/13/17,0.247683855,935.602661,716.3267379,290.119489,0.667176251,16696.10237
12/14/17,0.270686336,827.6157756,622.7300953,263.8875208,0.69780368,16488.74481
12/15/17,0.306930142,864.9984803,653.4979736,280.1887213,0.717471277,17405.90193
12/16/17,0.165336036,1042.063659,687.4616848,305.2256739,0.699974164,18562.03033
12/17/17,0.209701077,1125.961059,765.5262242,339.1593113,0.752749868,19237.15481
12/18/17,0.249156786,1198.826461,841.7957618,359.7947054,0.790730491,18684.55792
12/19/17,0.236344449,1459.912468,845.8419893,341.6728867,0.760241499,18015.20139
12/20/17,0.184043008,1463.121141,825.8985151,315.7594173,0.983888136,16628.15846
12/21/17,0.335473922,1287.435341,772.479757,293.0706949,1.164456408,15938.35763
12/22/17,0.397319124,1109.557264,646.7770194,257.2784244,0.960344609,13399.53409
12/23/17,0.330046774,1217.258617,717.588712,288.5032065,1.063764849,14881.99286
12/24/17,0.2581056,1129.693545,711.5720875,268.838264,0.980578388,13750.92396
12/25/17,0.298415787,1053.094775,685.5441463,252.1786329,0.922208674,13981.33222
12/26/17,0.246219115,1149.316694,736.6827171,268.6241022,1.167587621,15419.80482
12/27/17,0.094624964,1146.42568,764.4348895,266.133753,1.321516647,15487.12817
12/28/17,0.350216083,1076.197167,721.7598044,241.6613911,1.629354347,14248.83557
12/29/17,0.275304918,1089.330682,772.2467955,242.7609333,2.271075852,14569.38576
12/30/17,0.480233848,992.541349,718.6627435,220.2968165,1.871925068,13329.00219
12/31/17,0.170545114,1005.59766,744.7614021,223.7008825,1.9387227,13376.95922
1/1/18,0.301813285,1055.037512,815.8472982,237.481885,1.971655471,13455.6437
1/2/18,0.215698406,1059.084354,847.4223115,234.2462029,2.415308643,14137.01283
1/3/18,0.266360305,1138.564141,963.9502419,238.2319227,2.989863745,15016.89475
1/4/18,0.199862806,1043.683037,922.4637383,227.828939,2.457828734,14860.80618
1/5/18,0.250340303,1085.512906,947.0367915,270.6168999,2.540069943,15963.23494
1/6/18,0.120815825,1211.991877,1086.718486,281.3743232,2.748719754,16698.37649
1/7/18,0.048365476,1189.647638,1220.011573,276.8046625,2.615539946,16415.8661
1/8/18,-0.00186453,1123.024213,1241.397623,255.2658511,2.259059304,15096.62727
1/9/18,0.177796893,1114.147574,1362.109386,251.5911623,1.981056043,14776.28137
1/10/18,0.195519811,1062.13859,1249.716245,241.2743673,1.984505636,14169.97955
1/11/18,0.108955159,1024.608246,1211.535392,231.8445431,2.005165657,13595.26515
1/12/18,0.133172667,1048.055422,1299.871953,236.4428994,1.932118084,13613.1761
1/13/18,0.337051922,1074.941265,1395.757931,256.932675,1.938800275,14284.2428
1/14/18,0.169864375,976.0020478,1298.221108,234.6447358,1.751958251,13634.97744
1/15/18,0.205163059,936.8753375,1265.799057,229.3810298,1.473072904,13861.60633
1/16/18,0.077149058,809.7824458,1045.032863,191.4446787,1.237042258,11799.33477
1/17/18,0.157052827,768.7099077,951.833578,177.0516808,1.381619414,10525.02029
1/18/18,0.125802815,844.1228709,1049.553179,194.7379435,1.595706535,11541.34627
1/19/18,0.254557609,842.7694799,1028.60886,188.7316405,1.438184572,11515.61031
1/20/18,0.118148512,888.0436795,1131.21441,204.1842799,1.482392086,12458.12326
1/21/18,0.051066629,840.5741067,1089.649993,196.2242006,1.372727933,11858.3961
1/22/18,0.155634093,766.5525776,993.4467807,179.0219895,1.336260374,10885.14479
1/23/18,0.403741024,742.982109,986.1237059,171.4449979,1.305621899,10714.11373
1/24/18,0.177839801,779.8590102,1036.955568,176.2782292,1.299035859,11022.79049
1/25/18,0.212421729,797.2282083,1066.662827,179.7403074,1.245959608,11282.80003
1/26/18,0.10975202,743.0621264,1045.398395,173.7355401,1.169399115,10912.64572
1/27/18,0.216014286,760.4325345,1152.581462,182.0017279,1.237349232,11262.96407
1/28/18,0.280972059,787.4684562,1212.88897,188.122854,1.318298406,11606.78294
1/29/18,0.124899762,772.1804471,1189.757651,183.0930948,1.252152842,11223.02448
1/30/18,0.167069001,701.6743252,1122.056314,167.3740197,1.131644052,10360.19457
1/31/18,0.166792857,671.8678613,1146.092714,157.5858184,1.058450194,9940.366214
2/1/18,0.16288244,580.3779303,975.5013584,134.703379,0.881179789,9201.0002
2/2/18,0.333888294,568.6972849,891.3537587,137.6893823,0.864376889,8462.667804
2/3/18,0.332756,607.3346916,912.2181691,159.8753986,0.900068537,8919.51776
2/4/18,0.177537917,555.222977,843.85835,152.8791386,0.831786596,8475.510452
2/5/18,0.104913355,477.1345919,723.3516954,132.7954381,0.720782065,7321.300815
2/6/18,0.121771197,467.44405,686.6023295,125.7786646,0.653738808,6820.436181
2/7/18,0.115557037,556.7904378,779.459128,140.7230909,0.725848944,7937.98058
2/8/18,0.144564881,600.1952303,823.9689043,150.4852153,0.834973948,8199.685239
2/9/18,0.234248895,607.3691008,827.3430365,152.5647605,0.996756458,8257.44725
2/10/18,0.12162381,622.2356604,868.9440173,158.1969523,1.021259464,8657.676025
2/11/18,0.265419384,579.1166374,809.1982502,149.3146562,0.974403129,8170.41027
2/12/18,0.158655772,600.6005893,846.1651176,158.5688715,1.001734401,8638.620223
2/13/18,0.095223677,618.6597859,839.4081661,184.1028876,1.007396582,8608.755617
2/14/18,0.211243527,635.3800383,857.678317,208.8655315,1.030053025,9103.4293
2/15/18,0.167502222,682.6956885,909.2751314,218.5562992,1.077173591,9833.609558
2/16/18,0.240752121,681.0986378,901.8039662,213.8731593,1.076249053,10036.82788
2/17/18,0.144355332,705.163773,936.264336,221.9948067,1.109985279,10710.00848
2/18/18,-0.100579167,701.9824176,926.0294673,217.41972,1.088701303,10724.0081
2/19/18,0.282665,680.7601767,878.6597352,226.8508891,1.026654516,10892.88612
2/20/18,0.158669321,727.4789632,916.0183378,230.2640829,1.050165278,11473.45436
2/21/18,0.164321077,665.5720303,869.6671952,213.0195062,0.969513173,10759.21843
2/22/18,0.246844375,635.1254655,858.2966287,203.8081259,0.945873818,10195.90189
2/23/18,0.295177083,607.9883314,848.6911483,207.4096588,0.924162192,10008.25419
2/24/18,0.120282222,606.6423148,863.6214717,219.3987705,0.928929361,9892.751445
2/25/18,0.089336111,581.7120431,818.59168,214.520931,0.878316638,9556.268502
2/26/18,0.122453333,588.0969168,832.4339511,206.3637805,0.886291261,10027.05352
2/27/18,0.23973102,592.0410113,866.8764918,211.4026396,0.903044348,10569.33928
2/28/18,0.36397585,597.6399661,859.3408321,208.0132696,0.908419388,10626.03097
3/1/18,0.232838519,588.3923136,838.452404,202.1115037,0.874159442,10697.00737
3/2/18,0.101474479,585.8366223,830.8251755,207.3303164,0.869916183,10978.24562
3/3/18,0.172205652,611.5976293,862.425732,210.5835513,0.958368096,11325.55065
3/4/18,0.117536111,601.806346,842.5914675,207.8003362,0.991970205,11276.23286
3/5/18,0.325284762,612.3089389,871.402506,211.4943681,0.974960839,11522.99774
3/6/18,0.222948384,571.8421926,822.133378,200.3904443,0.926427723,10949.38805
3/7/18,0.307102277,528.2324146,769.9245647,190.4282452,0.878947609,10133.12899
3/8/18,0.133273913,507.1623207,741.1752545,189.3081554,0.852543112,9621.296833
3/9/18,0.151488285,490.548849,695.0699684,178.9303,0.778632353,8870.270591
3/10/18,0.264462037,509.6319338,711.7476763,185.6465145,0.803004817,9191.904954
3/11/18,0.16974875,503.3138823,691.2408644,178.9241104,0.776638508,9129.405294
3/12/18,0.302178333,501.6885269,708.536034,179.5779226,0.791689483,9338.163284
3/13/18,0.303679238,,,,,
3/14/18,0.200878922,,,,,
3/15/18,0.275468082,,,,,
3/16/18,0.284887356,,,,,
3/17/18,0.202031395,,,,,